ordem,id,tipo,seccao,ficheiro,duracao_s,transicao_s,inicio_s,fim_s,dominante_s,solo_s,movimento,texto_ecra,tratamento,duracao_original_s,variacao_pct,fonte_imagem,nota,textos_fotos,textos_opcoes
1,,video,"demo v3, o flash-forward",20th Century Fox Intro HD.mp4,20.8,0.0,0.0,20.8,20.8,20.8,Nenhum,,fiel,,,,,,
2,,video,"demo v3, o flash-forward",intro_clara_tiago.mp4,13.4,0.0,20.8,34.2,13.4,13.4,Nenhum,,fiel,,,,,,
3,,contador,"demo v3, o flash-forward",,9.0,0.7,33.5,42.5,8.3,7.6,Nenhum,2026>1995|4 de outubro de 2026,fiel,,,,,,
4,,marcos,"demo v3, o flash-forward",,15.0,0.7,41.8,56.8,14.3,13.6,Nenhum,"1995@0-0.674731|17/01 Terramoto em Kobe, Japão @kobe, japao.png;26/03 Abrem as fronteiras de Schengen @Schengen_Agreement_(1985)_signatures.jpg;24/08 Sai o Windows 95 @Windows95.jpeg;04/09 Nasce o SAPO, em Aveiro @sapo_42c89ed355959aa80b08ddd3b3b79ffc3555d337.jpg;*12/09 Nasce o Tiago;01/10 Guterres ganha as eleições @guterres.jpg;24/11 Salvam-se as gravuras do Côa @gravuras_coa.jpg;*24/11 Nasce a Clara",fiel,,,,,,
5,,marcos,"demo v3, o flash-forward",,9.0,0.0,56.8,65.8,9.0,9.0,Nenhum,"1995@0.678731-0.696237c|17/01 Terramoto em Kobe, Japão @kobe, japao.png;26/03 Abrem as fronteiras de Schengen @Schengen_Agreement_(1985)_signatures.jpg;24/08 Sai o Windows 95 @Windows95.jpeg;04/09 Nasce o SAPO, em Aveiro @sapo_42c89ed355959aa80b08ddd3b3b79ffc3555d337.jpg;*12/09 Nasce o Tiago;01/10 Guterres ganha as eleições @guterres.jpg;24/11 Salvam-se as gravuras do Côa @gravuras_coa.jpg;*24/11 Nasce a Clara",fiel,,,,,,
6,,cartao,"demo v3, o flash-forward",,3.6,0.7,65.1,68.7,2.9,2.2,Zoom in,Nasce o segundo filho de Graça e Alberto,fiel,,,,,,
7,f0103,foto,"demo v3, o flash-forward",21-46.jpg,4.0,0.7,68.0,72.0,3.3,2.6,Zoom in,Tiago,fundo,,,,,,
8,f0153,foto,"demo v3, o flash-forward",21-49.jpg,4.0,0.7,71.3,75.3,3.3,2.6,Zoom in,Com o pai,fundo,,,,,,
9,f0351,foto,"demo v3, o flash-forward",1996_tiago_e_irmao_mais_velho.jpg,4.0,0.7,74.6,78.6,3.3,2.6,Zoom in,"Agarradinho pelo seu irmão mais velho, mas a tentar fugir",fundo,,,,,,
10,f0104,foto,"demo v3, o flash-forward",21-47.jpg,4.0,0.7,77.9,81.9,3.3,2.6,Zoom in,E era amoroso,fundo,,,,,,
11,f0105,foto,"demo v3, o flash-forward",21-48.jpg,4.0,0.7,81.2,85.2,3.3,2.6,Zoom in,"Com a mãe, o mano e as tias (que podiam ser primas pela idade).",fundo,,,,,,
12,f0115,foto,"demo v3, o flash-forward",21-49-2.jpg,4.0,0.7,84.5,88.5,3.3,2.6,Zoom in,Sempre pronto para o café com leite com a sua avó Orquídea,fundo,,,,,,
13,f0125,foto,"demo v3, o flash-forward",21-49-3.jpg,4.0,0.7,87.8,91.8,3.3,2.6,Zoom in,Primeiro aniversário. O pai faz anos no mesmo dia.,fundo,,,,,,
14,f0537,foto,"demo v3, o flash-forward",IMG_20260209_184044.jpg,4.0,0.7,91.1,95.1,3.3,2.6,Zoom in,O estilo já lá estava,fundo,,,,,,
15,f0562,foto,"demo v3, o flash-forward",digitalizar0003 (1).jpg,4.0,0.7,94.4,98.4,3.3,2.6,Zoom in,,fundo,,,,,,
16,f0134,foto,"demo v3, o flash-forward",21-49-4.jpg,4.0,0.7,97.7,101.7,3.3,2.6,Zoom in,Segundo aniversário,rajada,,,,,,
17,f0107,foto,"demo v3, o flash-forward",21-49-11.jpg,4.0,0.7,101.0,105.0,3.3,2.6,Zoom in,Terceiro aniversário,rajada,,,,,,
18,f0106,foto,"demo v3, o flash-forward",21-49-10.jpg,4.0,0.7,104.3,108.3,3.3,2.6,Zoom in,,fundo,,,,,,
19,f0151,foto,"demo v3, o flash-forward",21-49-6.jpg,4.0,0.7,107.6,111.6,3.3,2.6,Zoom in,Em Portugal dos Pequeninos,fundo,,,,,,
20,f0564,foto,"demo v3, o flash-forward",digitalizar0004 (1).jpg,4.0,0.7,110.9,114.9,3.3,2.6,Zoom in,,fundo,,,,,,
21,f0565,foto,"demo v3, o flash-forward",digitalizar0005 (3).jpg,4.0,0.7,114.2,118.2,3.3,2.6,Zoom in,,fundo,,,,,,
22,f0346,foto,"demo v3, o flash-forward",IMG_20260209_172732.jpg,4.0,0.7,117.5,121.5,3.3,2.6,Zoom in,Com um família saída de um filme da Missão Impossível,fundo,,,,,,
23,,marcos,"demo v3, o flash-forward",,14.0,0.7,120.8,134.8,13.3,12.6,Nenhum,"1995@0.700237-0.895161|17/01 Terramoto em Kobe, Japão @kobe, japao.png;26/03 Abrem as fronteiras de Schengen @Schengen_Agreement_(1985)_signatures.jpg;24/08 Sai o Windows 95 @Windows95.jpeg;04/09 Nasce o SAPO, em Aveiro @sapo_42c89ed355959aa80b08ddd3b3b79ffc3555d337.jpg;*12/09 Nasce o Tiago;01/10 Guterres ganha as eleições @guterres.jpg;24/11 Salvam-se as gravuras do Côa @gravuras_coa.jpg;*24/11 Nasce a Clara",fiel,,,,,,
24,,cartao,"demo v3, o flash-forward",,6.15,0.7,134.1,140.25,5.45,4.75,Zoom in,"2 meses e 12 dias depois a poucos kms, nasce uma bebé ",fiel,,,,,,
25,f0012,foto,"demo v3, o flash-forward",1 (2).jpg,4.0,0.0,140.25,144.25,4.0,4.0,Zoom in,A Clara que era branquinha como o nome que lhe foi vaticinado,fundo,,,,,,
26,f0041,foto,"demo v3, o flash-forward",2.jpg,4.0,0.7,143.55,147.55,3.3,2.6,Zoom in,Era muito bem disposta...,fundo,,,,,,
27,f0169,foto,"demo v3, o flash-forward",5 (2).jpg,4.0,0.7,146.85,150.85,3.3,2.6,Zoom in,,fundo,,,,,,
28,f0172,foto,"demo v3, o flash-forward",6.jpg,4.0,0.7,150.15,154.15,3.3,2.6,Zoom in,Muito curiosa...,fundo,,,,,,
29,f0170,foto,"demo v3, o flash-forward",5-3.jpg,4.0,0.7,153.45,157.45,3.3,2.6,Zoom in,"Muito teimosa... (Dizia ""não se mexe"", e mexia...)",fundo,,,,,,
30,f0175,foto,"demo v3, o flash-forward",7.jpg,4.0,0.7,156.75,160.75,3.3,2.6,Zoom in,Muito irrequieta...,fundo,,,,,,
31,f0186,foto,"demo v3, o flash-forward",8.jpg,4.0,0.7,160.05,164.05,3.3,2.6,Zoom in,"Era endiabrada, mas também encantadora.",fundo,,,,,,
32,f0450,foto,"demo v3, o flash-forward",Clara x3 (37).jpg,4.0,0.7,163.35,167.35,3.3,2.6,Zoom in,,fundo,,,,,,
33,f0452,foto,"demo v3, o flash-forward",Digitalizar0008.jpg,4.0,0.7,166.65,170.65,3.3,2.6,Zoom in,,fundo,,,,,,
34,f0033,foto,"demo v3, o flash-forward",11.jpg,4.0,0.7,169.95,173.95,3.3,2.6,Zoom in,Com a mãe,fundo,,,,,,
35,f0013,foto,"demo v3, o flash-forward",10-1 (2).jpg,4.0,0.7,173.25,177.25,3.3,2.6,Zoom in,Com o pai. Era pequenina e já lhe dava ouras...,fundo,,,,,,
36,f0016,foto,"demo v3, o flash-forward",10-4.jpg,4.0,0.7,176.55,180.55,3.3,2.6,Zoom in,,fundo,,,,,,
37,f0003,foto,"demo v3, o flash-forward",10-3.jpg,4.0,0.7,179.85,183.85,3.3,2.6,Zoom in,,fundo,,,,,,
38,f0024,foto,"demo v3, o flash-forward",11-14.jpg,4.0,0.7,183.15,187.15,3.3,2.6,Zoom in,Com o mano e a mãe,fundo,,,,,,
39,f0025,foto,"demo v3, o flash-forward",11-15.jpg,4.0,0.7,186.45,190.45,3.3,2.6,Zoom in,,fundo,,,,,,
40,f0028,foto,"demo v3, o flash-forward",11-5.jpg,4.0,0.7,189.75,193.75,3.3,2.6,Zoom in,,fundo,,,,,,
41,f0030,foto,"demo v3, o flash-forward",11-7.jpg,4.0,0.7,193.05,197.05,3.3,2.6,Zoom in,,fundo,,,,,,
42,f0031,foto,"demo v3, o flash-forward",11-8.jpg,4.0,0.7,196.35,200.35,3.3,2.6,Zoom in,,fundo,,,,,,
43,f0029,foto,"demo v3, o flash-forward",11-6.jpg,4.0,0.7,199.65,203.65,3.3,2.6,Zoom in,,fundo,,,,,,
44,,cartao,"demo v3, o flash-forward",,3.6,0.7,202.95,206.55,2.9,2.2,Zoom in,Como cresceram,fiel,,,,,,
45,,cartao,"demo v3, o flash-forward",,3.6,0.7,205.85,209.45,2.9,2.2,Zoom in,Clara,fiel,,,,,,
46,f0039,foto,"demo v3, o flash-forward",19-1.JPG,4.0,0.7,208.75,212.75,3.3,2.6,Zoom in,,fundo,,,,,,
47,f0046,foto,"demo v3, o flash-forward",20.JPG,4.0,0.7,212.05,216.05,3.3,2.6,Zoom in,Cena de filme à Marilyn Monroe,fundo,,,,,,
48,f0004,foto,"demo v3, o flash-forward",10-5.JPG,4.0,0.7,215.35,219.35,3.3,2.6,Zoom in,,fundo,,,,,,
49,f0021,foto,"demo v3, o flash-forward",11-10.JPG,4.0,0.7,218.65,222.65,3.3,2.6,Zoom in,,fundo,,,,,,
50,f0027,foto,"demo v3, o flash-forward",11-4.JPG,4.0,0.7,221.95,225.95,3.3,2.6,Zoom in,,fundo,,,,,,
51,f0023,foto,"demo v3, o flash-forward",11-13.jpg,4.0,0.7,225.25,229.25,3.3,2.6,Zoom in,"- Clara, gostas dessa canção do Ed Sheeran? 
- Gosto! 
- Então não a estragues...",fundo,,,,,,
52,f0032,foto,"demo v3, o flash-forward",11-9.jpg,4.0,0.7,228.55,232.55,3.3,2.6,Zoom in,,fundo,,,,,,
53,f0318,foto,"demo v3, o flash-forward",Clara_bebe_cerveja.jpg,4.0,0.7,231.85,235.85,3.3,2.6,Zoom in,,fundo,,,,,,
54,f0434,foto,"demo v3, o flash-forward",20220815_125148.jpg,4.0,0.7,235.15,239.15,3.3,2.6,Zoom in,,fundo,,,,,,
55,f0218,foto,"demo v3, o flash-forward",9-16.JPG,4.0,0.7,238.45,242.45,3.3,2.6,Zoom in,Eterna fã do Harry Potter (Local de filmagens em Londres)...,fundo,,,,,,
56,f0599,foto,"demo v3, o flash-forward",IMG_4492.JPG,4.0,0.7,241.75,245.75,3.3,2.6,Zoom in,,fundo,,,,,,
57,f0319,foto,"demo v3, o flash-forward",IMG-20220807-WA0105.jpg,4.0,0.7,245.05,249.05,3.3,2.6,Zoom in,,fundo,,,,,,
58,,cartao,"demo v3, o flash-forward",,3.6,0.7,248.35,251.95,2.9,2.2,Zoom in,"Já teve muitas fases, incluindo de penteados",fiel,,,,,,
59,f0236,foto,"demo v3, o flash-forward",9.1.jpg,4.0,0.7,251.25,255.25,3.3,2.6,Zoom in,à Emma Watson,fundo,,,,,,
60,f0213,foto,"demo v3, o flash-forward",9-14.JPG,4.0,0.7,254.55,258.55,3.3,2.6,Zoom in,à Ariel da Pequena Sereia,fundo,,,,,,
61,f0237,foto,"demo v3, o flash-forward",9.4.JPG,4.0,0.7,257.85,261.85,3.3,2.6,Zoom in,À Pipi das meias altas aos 16,fundo,,,,,,
62,f0221,foto,"demo v3, o flash-forward",9-2.jpg,4.0,0.7,261.15,265.15,3.3,2.6,Zoom in,À Capa da 'Bravo' nos seus 18,fundo,,,,,,
63,f0235,foto,"demo v3, o flash-forward",9-5.JPG,4.0,0.7,264.45,268.45,3.3,2.6,Zoom in,À Fotografia de Domingo,fundo,,,,,,
64,f0159,foto,"demo v3, o flash-forward",21-6.jpg,4.0,0.7,267.75,271.75,3.3,2.6,Zoom in,À Shrek no Pântano,fundo,,,,,,
65,,cartao,"demo v3, o flash-forward",,4.5,0.7,271.05,275.55,3.8,3.1,Zoom in,Um deles sofre de uma patologia grave por animais. Advinham quem?,fiel,,,,,,
66,f0230,foto,"demo v3, o flash-forward",9-25.jpg,4.0,0.7,274.85,278.85,3.3,2.6,Zoom in,Gostava dos bichinhos todos,fundo,,,,,,
67,f0298,foto,"demo v3, o flash-forward",Scanner_20260814.jpg,4.0,0.7,278.15,282.15,3.3,2.6,Zoom in,É desde sempre apaixonada por cães,fundo,,,,,,
68,f0231,foto,"demo v3, o flash-forward",9-26.JPG,4.0,0.7,281.45,285.45,3.3,2.6,Zoom in,Pelos dela...,fundo,,,,,,
69,f0378,foto,"demo v3, o flash-forward",17042011180.jpg,4.0,0.7,284.75,288.75,3.3,2.6,Zoom in,,fundo,,,,,,
70,f0232,foto,"demo v3, o flash-forward",9-27.JPG,4.0,0.7,288.05,292.05,3.3,2.6,Zoom in,,fundo,,,,,,
71,f0233,foto,"demo v3, o flash-forward",9-28.JPG,4.0,0.7,291.35,295.35,3.3,2.6,Zoom in,... E pelos dos outros.,fundo,,,,,,
72,f0234,foto,"demo v3, o flash-forward",9-29.JPG,4.0,0.7,294.65,298.65,3.3,2.6,Zoom in,,fundo,,,,,,
73,f0449,foto,"demo v3, o flash-forward",Clara x3 (11).jpg,4.0,0.7,297.95,301.95,3.3,2.6,Zoom in,,fundo,,,,,,
74,f0454,foto,"demo v3, o flash-forward",DSC00644.JPG,4.0,0.7,301.25,305.25,3.3,2.6,Zoom in,,fundo,,,,,,
75,f0460,foto,"demo v3, o flash-forward",Fred.jpg,4.0,0.7,304.55,308.55,3.3,2.6,Zoom in,,fundo,,,,,,
76,f0404,foto,"demo v3, o flash-forward",20210214_104230.jpg,4.0,0.7,307.85,311.85,3.3,2.6,Zoom in,,fundo,,,,,,
77,f0358,foto,"demo v3, o flash-forward",2022_Clara_e_sky.jpg,4.0,0.7,311.15,315.15,3.3,2.6,Zoom in,,fundo,,,,,,
78,f0044,foto,"demo v3, o flash-forward",20-3.JPG,4.0,0.7,314.45,318.45,3.3,2.6,Zoom in,Entretanto o gosto pela velocidade apareceu,fundo,,,,,,
79,f0045,foto,"demo v3, o flash-forward",20-4.png,4.0,0.7,317.75,321.75,3.3,2.6,Zoom in,,fundo,,,,,,
80,f0216,foto,"demo v3, o flash-forward",9-15-4.jpg,4.0,0.7,321.05,325.05,3.3,2.6,Zoom in,Orgulhosa do primeiro automóvel. ,rajada,,,,,,
81,f0473,foto,"demo v3, o flash-forward",IMG-20180917-WA0000.jpg,4.0,0.7,324.35,328.35,3.3,2.6,Zoom in,Com ele iria ganhar... algumas multas por excesso de velocidade...,rajada,,,,,,
82,f0270,foto,"demo v3, o flash-forward",IMG_4224.JPG,4.0,0.7,327.65,331.65,3.3,2.6,Zoom in,"O pai: -Clara, já vais outra vez em excesso de velocidade! 
O irmão: -Ela é uma Fora-da-Lei...",fundo,,,,,,
83,,cartao,"demo v3, o flash-forward",,3.6,0.7,330.95,334.55,2.9,2.2,Zoom in,"Durante este periodo também o Tiago comprou o primeiro carro, mas antes teve outras experiências...",fiel,,,,,,
84,f0592,foto,"demo v3, o flash-forward",IMG_0577.JPG,4.0,0.7,333.85,337.85,3.3,2.6,Zoom in,,fundo,,,,,,
85,f0133,foto,"demo v3, o flash-forward",21-49-39.JPG,4.0,0.7,337.15,341.15,3.3,2.6,Zoom in,Pilotando um trenó,fundo,,,,,,
86,f0593,foto,"demo v3, o flash-forward",IMG_0622.JPG,4.0,0.7,340.45,344.45,3.3,2.6,Zoom in,,fundo,,,,,,
87,,cartao,"demo v3, o flash-forward",,3.6,0.7,343.75,347.35,2.9,2.2,Zoom in,Carro,fiel,,,,,,
88,f0008,foto,"demo v3, o flash-forward",21-49-13.JPG,4.0,0.7,346.65,350.65,3.3,2.6,Zoom in,,fundo,,,,,,
89,f0108,foto,"demo v3, o flash-forward",21-49-12.jpg,4.0,0.7,349.95,353.95,3.3,2.6,Zoom in,,fundo,,,,,,
90,f0353,foto,"demo v3, o flash-forward",TIAGO_IRMÃO_mae_2016.jpg,4.0,0.7,353.25,357.25,3.3,2.6,Zoom in,,fundo,,,,,,
91,f0137,foto,"demo v3, o flash-forward",21-49-42.JPG,4.0,0.7,356.55,360.55,3.3,2.6,Zoom in,,fundo,,,,,,
92,f0119,foto,"demo v3, o flash-forward",21-49-23.JPG,4.0,0.7,359.85,363.85,3.3,2.6,Zoom in,,fundo,,,,,,
93,f0118,foto,"demo v3, o flash-forward",21-49-22.JPG,4.0,0.7,363.15,367.15,3.3,2.6,Zoom in,,fundo,,,,,,
94,f0123,foto,"demo v3, o flash-forward",21-49-28.JPG,4.0,0.7,366.45,370.45,3.3,2.6,Zoom in,,fundo,,,,,,
95,f0586,foto,"demo v3, o flash-forward",HPIM0458.JPG,4.0,0.7,369.75,373.75,3.3,2.6,Zoom in,,fundo,,,,,,
96,f0596,foto,"demo v3, o flash-forward",IMG_3968.JPG,4.0,0.7,373.05,377.05,3.3,2.6,Zoom in,,fundo,,,,,,
97,f0131,foto,"demo v3, o flash-forward",21-49-36.JPG,4.0,0.7,376.35,380.35,3.3,2.6,Zoom in,,fundo,,,,,,
98,f0442,foto,"demo v3, o flash-forward",20240101_214757.jpg,4.0,0.7,379.65,383.65,3.3,2.6,Zoom in,,fundo,,,,,,
99,f0282,foto,"demo v3, o flash-forward",IMG_6240.jpeg,4.0,0.7,382.95,386.95,3.3,2.6,Zoom in,,fundo,,,,,,
100,f0279,foto,"demo v3, o flash-forward",IMG_4542.JPG,4.0,0.7,386.25,390.25,3.3,2.6,Zoom in,,fundo,,,,,,
101,f0130,foto,"demo v3, o flash-forward",21-49-34.JPG,4.0,0.7,389.55,393.55,3.3,2.6,Zoom in,,fundo,,,,,,
102,f0148,foto,"demo v3, o flash-forward",21-49-56.jpg,4.0,0.7,392.85,396.85,3.3,2.6,Zoom in,,fundo,,,,,,
103,f0122,foto,"demo v3, o flash-forward",21-49-27.JPG,4.0,0.7,396.15,400.15,3.3,2.6,Zoom in,,fundo,,,,,,
104,f0126,foto,"demo v3, o flash-forward",21-49-30.JPG,4.0,0.7,399.45,403.45,3.3,2.6,Zoom in,,fundo,,,,,,
105,f0306,foto,"demo v3, o flash-forward",WP_20150912_18_28_43_Pro.jpg,4.0,0.7,402.75,406.75,3.3,2.6,Zoom in,,fundo,,,,,,
106,f0573,foto,"demo v3, o flash-forward",DSC06386.JPG,4.0,0.7,406.05,410.05,3.3,2.6,Zoom in,,fundo,,,,,,
107,f0577,foto,"demo v3, o flash-forward",DSC08227.JPG,4.0,0.7,409.35,413.35,3.3,2.6,Zoom in,,fundo,,,,,,
108,f0382,foto,"demo v3, o flash-forward",20190622_113816.jpg,4.0,0.7,412.65,416.65,3.3,2.6,Zoom in,,fundo,,,,,,
109,f0490,foto,"demo v3, o flash-forward",IMG-20190622-WA0009.jpg,4.0,0.7,415.95,419.95,3.3,2.6,Zoom in,,fundo,,,,,,
110,f0421,foto,"demo v3, o flash-forward",20220518_120830.jpg,4.0,0.7,419.25,423.25,3.3,2.6,Zoom in,,fundo,,,,,,
111,f0438,foto,"demo v3, o flash-forward",20231217_180159.jpg,4.0,0.7,422.55,426.55,3.3,2.6,Zoom in,,fundo,,,,,,
112,f0536,foto,"demo v3, o flash-forward",IMG_20250624_140822.jpg,4.0,0.7,425.85,429.85,3.3,2.6,Zoom in,,fundo,,,,,,
113,f0489,foto,"demo v3, o flash-forward",IMG-20190622-WA0008.jpg,4.0,0.7,429.15,433.15,3.3,2.6,Zoom in,,fundo,,,,,,
114,f0519,foto,"demo v3, o flash-forward",IMG-20231225-WA0001.jpg,4.0,0.7,432.45,436.45,3.3,2.6,Zoom in,,fundo,,,,,,
115,f0142,foto,"demo v3, o flash-forward",21-49-47.jpeg,4.0,0.7,435.75,439.75,3.3,2.6,Zoom in,,fundo,,,,,,
116,,cartao,"demo v3, o flash-forward",,3.6,0.7,439.05,442.65,2.9,2.2,Zoom in,Paixão pelo desporto,fiel,,,,,,
117,f0141,foto,"demo v3, o flash-forward",21-49-46.jpg,4.0,0.7,441.95,445.95,3.3,2.6,Zoom in,,fundo,,,,,,
118,f0447,foto,"demo v3, o flash-forward",bc66e4257dc1a51eb676bfe0d263d5db.jpg,4.0,0.7,445.25,449.25,3.3,2.6,Zoom in,,fundo,,,,,,
119,f0312,foto,"demo v3, o flash-forward",2016_tIAGO_ANDEBOL_FACULDADE.jpg,4.0,0.7,448.55,452.55,3.3,2.6,Zoom in,,fundo,,,,,,
120,f0278,foto,"demo v3, o flash-forward",IMG_4541.JPG,4.0,0.7,451.85,455.85,3.3,2.6,Zoom in,Sabia lá ele que ia acabar na mesma modalidade,fundo,,,,,,
121,f0439|f0140|f0539|f0544|f0527|f0526|f0370|f0256,pilha,"demo v3, o flash-forward",20231222_195654.jpg|21-49-45.jpeg|IMG_20260718_200954.jpg|IMG_20260906_114847.jpg|IMG-20240915-WA0007.jpeg|IMG-20240616-WA0009.jpg|465577778_18469984858036289_3599993957042226426_n.jpg|IMG-20260614-WA0013.jpg,9.4,0.7,455.15,464.55,8.7,8.0,Zoom in,Pausa para hidratação pós corrida,monte,,,,,,
122,f0135,foto,"demo v3, o flash-forward",21-49-40.JPG,4.0,0.7,463.85,467.85,3.3,2.6,Zoom in,Até dança com o irmão...,rajada,,,,,,
123,f0136,foto,"demo v3, o flash-forward",21-49-41.JPG,4.0,0.7,467.15,471.15,3.3,2.6,Zoom in,...parece prometedor o resultado,rajada,,,,,,
124,,cartao,"demo v3, o flash-forward",,3.6,0.7,470.45,474.05,2.9,2.2,Zoom in,Viagens ,fiel,,,,,,
125,f0058|f0059|f0065|f0061|f0073|f0076|f0212|f0082,pilha,"demo v3, o flash-forward",21-11-2.JPG|21-11-3.jpg|21-17.JPG|21-12.JPG|21-25.JPG|21-29.jpeg|9-13.JPG|21-39.jpg,9.4,0.7,473.35,482.75,8.7,8.0,Zoom in,,leque,,,,,"[""Em Sintra / Em Setúbal"", ""Nos Açores"", ""No Parlamento de Budapeste"", ""Nos Açores"", ""Em Roma, espelho de rua."", """", ""Em barcelona"", """"]","{""tapadas"": ""fica""}"
126,f0217|f0066|f0040|f0070|f0068|f0069|f0085|f0272,pilha,"demo v3, o flash-forward",9-15.JPG|21-18.JPG|19-2.JPG|21-22.jpeg|21-20.JPG|21-21.JPG|21-41.JPG|IMG_4362.JPG,9.4,0.7,482.05,491.45,8.7,8.0,Zoom in,"Com um vendedor de artesanato no vulcão Etna (Sicília). ""Chiara, siediti qui per una foto.""",leque,,,,,"[""No vulcão Etna (Sicília)."", ""Na Sicília. Siracusa."", """", ""No Castelo de Neuschwanstein;"", ""Na Alemanha. Em Dinkelsbuhl;"", ""Em Bratislava"", """", ""Em Frankfurt / Em Bratislava""]","{""tapadas"": ""fica""}"
127,f0268,foto,"demo v3, o flash-forward",IMG_3835.jpg,4.0,0.7,490.75,494.75,3.3,2.6,Zoom in,"Em Lanzarote, com Pilar del Río.",fundo,,,,,,
128,,contador,"demo v3, o flash-forward",,9.0,0.7,494.05,503.05,8.3,7.6,Nenhum,1995>2011,fiel,,,,,,
129,f0155,foto,"demo v3, o flash-forward",21-50.JPG,4.0,0.7,502.35,506.35,3.3,2.6,Zoom in,Na Escola Secundária em 2011,fundo,,,,,,
130,f0239,foto,"demo v3, o flash-forward",A Happy Year (16).jpg,4.0,0.7,505.65,509.65,3.3,2.6,Zoom in,,fundo,,,,,,
131,f0156,foto,"demo v3, o flash-forward",21-51.JPG,4.0,0.7,508.95,512.95,3.3,2.6,Zoom in,Na aula de Biologia,fundo,,,,,,
132,f0250,foto,"demo v3, o flash-forward",DSCN3008.JPG,4.0,0.7,512.25,516.25,3.3,2.6,Zoom in,,fundo,,,,,,
133,f0556,foto,"demo v3, o flash-forward",20170805175928.jpg,4.0,0.7,515.55,519.55,3.3,2.6,Zoom in,,fundo,,,,,,
134,f0560,foto,"demo v3, o flash-forward",Campanha AE (6).JPG,4.0,0.7,518.85,522.85,3.3,2.6,Zoom in,,fundo,,,,,,
135,f0380,foto,"demo v3, o flash-forward",20180910_194232.jpg,4.0,0.7,522.15,526.15,3.3,2.6,Zoom in,,fundo,,,,,,
136,f0327,foto,"demo v3, o flash-forward",2015_cLARA_E_TIAGO_30agosto.jpg,4.0,0.7,525.45,529.45,3.3,2.6,Zoom in,,fundo,,,,,,
137,f0584,foto,"demo v3, o flash-forward",DSCN8496.JPG,4.0,0.7,528.75,532.75,3.3,2.6,Zoom in,,fundo,,,,,,
138,f0354,foto,"demo v3, o flash-forward",2014_Clara_Tiago_Praia_Mia_cadela_clara.jpg,4.0,0.7,532.05,536.05,3.3,2.6,Zoom in,,fundo,,,,,,
139,f0387,foto,"demo v3, o flash-forward",20190628_152510.jpg,4.0,0.7,535.35,539.35,3.3,2.6,Zoom in,,fundo,,,,,,
140,f0389,foto,"demo v3, o flash-forward",20190630_160541.jpg,4.0,0.7,538.65,542.65,3.3,2.6,Zoom in,,fundo,,,,,,
141,f0380,foto,"demo v3, o flash-forward",20180910_194232.jpg,4.0,0.7,541.95,545.95,3.3,2.6,Zoom in,,fundo,,,,,,
142,f0453|f0166,lado,"demo v3, o flash-forward",DSC00187.JPG|30Abril18_125.jpg,5.0,0.7,545.25,550.25,4.3,3.6,Zoom in,,2v,,,,,"[""Baile Finalistas 12ºano (2013)"", ""Baile Finalistas FDUP (2018)""]",
143,f0413,foto,"demo v3, o flash-forward",20220103_155031.jpg,4.0,0.7,549.55,553.55,3.3,2.6,Zoom in,Logo após a compra da 1ª casa,fundo,,,,,,
144,f0329,foto,"demo v3, o flash-forward",2018_cLARA_E_TIAGO_PASSEIO.jpg,4.0,0.7,552.85,556.85,3.3,2.6,Zoom in,,fundo,,,,,,
145,f0271,foto,"demo v3, o flash-forward",IMG_4277 (3) (1).jpg,4.0,0.7,556.15,560.15,3.3,2.6,Zoom in,,fundo,,,,,,
146,f0275,foto,"demo v3, o flash-forward",IMG_4490 (16).jpg,4.0,0.7,559.45,563.45,3.3,2.6,Zoom in,,fundo,,,,,,
147,f0281,foto,"demo v3, o flash-forward",IMG_4751.JPG,4.0,0.7,562.75,566.75,3.3,2.6,Zoom in,,fundo,,,,,,
148,f0286,foto,"demo v3, o flash-forward",IMG_8145.jpeg,4.0,0.7,566.05,570.05,3.3,2.6,Zoom in,,fundo,,,,,,
149,f0291,foto,"demo v3, o flash-forward",IMG_9062.jpeg,4.0,0.7,569.35,573.35,3.3,2.6,Zoom in,,fundo,,,,,,
150,f0297,foto,"demo v3, o flash-forward",Scanner_20260606 (17).jpg,4.0,0.7,572.65,576.65,3.3,2.6,Zoom in,,fundo,,,,,,
151,f0328|f0481|f0480|f0482|f0494|f0412,pilha,"demo v3, o flash-forward",2016_Clara_TIAGO_pRIMEIRA_VIAGEM_PENICHE.jpg|IMG-20181006-WA0012.jpg|IMG-20181006-WA0010.jpg|IMG-20181006-WA0013.jpg|IMG-20191116-WA0003.jpg|20210730_145624.jpg,13.0,0.7,575.95,588.95,12.3,11.6,Zoom in,,monte,,,,,,
152,f0430|f0416|f0427|f0431|f0443|f0330|f0515|f0331,pilha,"demo v3, o flash-forward",20220521_130954.jpg|20220515_184204.jpg|20220520_135148.jpg|20220521_185833.jpg|20240728_194710.jpg|20230726_131448_Nice_2023.jpg|IMG-20230727-WA0003.jpg|IMG_20250319_131901.jpg,19.0,0.7,588.25,607.25,18.3,17.6,Zoom in,,monte,,,,,,
153,,cartao,"demo v3, o flash-forward",,3.6,0.7,606.55,610.15,2.9,2.2,Zoom in,Com os amigos,fiel,,,,,,
154,f0332,foto,"demo v3, o flash-forward",2011_Tiago_e_clara_aniversario_CLARA_POUCO_ANTES_DE_COMEÇAR_A_NAMORAR.jpg,4.0,0.7,609.45,613.45,3.3,2.6,Zoom in,Festa dos 17 anos da Clara,fundo,,,,,,
155,f0038,foto,"demo v3, o flash-forward",185.JPG,4.0,0.7,612.75,616.75,3.3,2.6,Zoom in,,fundo,,,,,,
156,f0334,foto,"demo v3, o flash-forward",2013_Tiago_e_clara_aniversario_gabriel_amigos secundario.jpg,4.0,0.7,616.05,620.05,3.3,2.6,Zoom in,,fundo,,,,,,
157,f0335,foto,"demo v3, o flash-forward",2013_Tiago_Na_latada_da_Clara_amigos secundario.jpg,4.0,0.7,619.35,623.35,3.3,2.6,Zoom in,,fundo,,,,,,
158,f0338,foto,"demo v3, o flash-forward",2015_CLARA_TIAGO_AMIGOS_SECUNDARIO_3.jpg,4.0,0.7,622.65,626.65,3.3,2.6,Zoom in,,fundo,,,,,,
159,f0580,foto,"demo v3, o flash-forward",DSCN2158.JPG,4.0,0.7,625.95,629.95,3.3,2.6,Zoom in,,fundo,,,,,,
160,f0568,foto,"demo v3, o flash-forward",DSC02029.JPG,4.0,0.7,629.25,633.25,3.3,2.6,Zoom in,,fundo,,,,,,
161,f0336,foto,"demo v3, o flash-forward",2015_CLARA_TIAGO_AMIGOS_SECUNDARIO.jpg,4.0,0.7,632.55,636.55,3.3,2.6,Zoom in,,fundo,,,,,,
162,f0344,foto,"demo v3, o flash-forward",DSC00781.JPG,4.0,0.7,635.85,639.85,3.3,2.6,Zoom in,,fundo,,,,,,
163,f0337,foto,"demo v3, o flash-forward",2015_CLARA_TIAGO_AMIGOS_SECUNDARIO_2.jpg,4.0,0.7,639.15,643.15,3.3,2.6,Zoom in,,fundo,,,,,,
164,f0160,foto,"demo v3, o flash-forward",21-60.jpg,4.0,0.7,642.45,646.45,3.3,2.6,Zoom in,,fundo,,,,,,
165,f0506,foto,"demo v3, o flash-forward",IMG-20200818-WA0017.jpg,4.0,0.7,645.75,649.75,3.3,2.6,Zoom in,,fundo,,,,,,
166,f0583,foto,"demo v3, o flash-forward",DSCN2875.JPG,4.0,0.7,649.05,653.05,3.3,2.6,Zoom in,,fundo,,,,,,
167,f0546,foto,"demo v3, o flash-forward",IMG_8991.JPG,4.0,0.7,652.35,656.35,3.3,2.6,Zoom in,,fundo,,,,,,
168,f0124,foto,"demo v3, o flash-forward",21-49-29.JPG,4.0,0.7,655.65,659.65,3.3,2.6,Zoom in,Vai ser para o fecho se usar o heli no fim ou para o conduzir,fundo,,,,,,
169,f0572,foto,"demo v3, o flash-forward",DSC06226.JPG,4.0,0.7,658.95,662.95,3.3,2.6,Zoom in,,fundo,,,,,,
170,,cartao,"demo v3, o flash-forward",,3.6,0.7,662.25,665.85,2.9,2.2,Zoom in,Não incluindo ainda no sitio certo,fiel,,,,,,
171,f0138|f0552,lado,"demo v3, o flash-forward",21-49-43.JPG|1 (416).JPG,5.0,0.7,665.15,670.15,4.3,3.6,Zoom in,,2v,,,,,,
172,f0019|f0018,lado,"demo v3, o flash-forward",1021.jpg|1021-1.jpg,5.0,0.7,669.45,674.45,4.3,3.6,Zoom in,,2v,,,"0.4750,0.7230|",,,
173,f0047,foto,"demo v3, o flash-forward",200_ML_FestaNatal2022.jpg,4.0,0.7,673.75,677.75,3.3,2.6,Zoom in,,fundo,,,,,,
174,f0083,foto,"demo v3, o flash-forward",21-4.JPG,4.0,0.7,677.05,681.05,3.3,2.6,Zoom in,,fundo,,,,,,
175,f0111,foto,"demo v3, o flash-forward",21-49-15.JPG,4.0,0.7,680.35,684.35,3.3,2.6,Zoom in,,fundo,,,,,,
176,f0127,foto,"demo v3, o flash-forward",21-49-31.JPG,4.0,0.7,683.65,687.65,3.3,2.6,Zoom in,,fundo,,,,,,
177,f0132,foto,"demo v3, o flash-forward",21-49-38.JPG,4.0,0.7,686.95,690.95,3.3,2.6,Zoom in,,fundo,,,,,,
178,f0194,foto,"demo v3, o flash-forward",82-27.jpeg,4.0,0.7,690.25,694.25,3.3,2.6,Zoom in,,fundo,,,,,,
179,f0196,foto,"demo v3, o flash-forward",82-31.JPG,4.0,0.7,693.55,697.55,3.3,2.6,Zoom in,,fundo,,,,,,
180,f0199,foto,"demo v3, o flash-forward",82-37.jpeg,4.0,0.7,696.85,700.85,3.3,2.6,Zoom in,,fundo,,,,,,
181,f0225,foto,"demo v3, o flash-forward",9-24-4.jpeg,4.0,0.7,700.15,704.15,3.3,2.6,Zoom in,,fundo,,,,,,
182,f0227,foto,"demo v3, o flash-forward",9-24-7.JPG,4.0,0.7,703.45,707.45,3.3,2.6,Zoom in,,fundo,,,,,,
183,f0228,foto,"demo v3, o flash-forward",9-24-8.JPG,4.0,0.7,706.75,710.75,3.3,2.6,Zoom in,,fundo,,,,,,
184,f0247,foto,"demo v3, o flash-forward",DSC09844.JPG,4.0,0.7,710.05,714.05,3.3,2.6,Zoom in,,fundo,,,,,,
185,f0248,foto,"demo v3, o flash-forward",DSC_0041.JPG,4.0,0.7,713.35,717.35,3.3,2.6,Zoom in,,fundo,,,,,,
186,f0253,foto,"demo v3, o flash-forward",IMG-20221118-WA0013.jpg,4.0,0.7,716.65,720.65,3.3,2.6,Zoom in,,fundo,,,,,,
187,f0254,foto,"demo v3, o flash-forward",IMG-20250305-WA0113.jpg,4.0,0.7,719.95,723.95,3.3,2.6,Zoom in,,fundo,,,,,,
188,f0255,foto,"demo v3, o flash-forward",IMG-20260513-WA0016.jpg,4.0,0.7,723.25,727.25,3.3,2.6,Zoom in,,fundo,,,,,,
189,f0260,foto,"demo v3, o flash-forward",IMG_2067.jpeg,4.0,0.7,726.55,730.55,3.3,2.6,Zoom in,,fundo,,,,,,
190,f0261,foto,"demo v3, o flash-forward",IMG_2523.jpeg,4.0,0.7,729.85,733.85,3.3,2.6,Zoom in,,fundo,,,,,,
191,f0284,foto,"demo v3, o flash-forward",IMG_7790.JPG,4.0,0.7,733.15,737.15,3.3,2.6,Zoom in,,fundo,,,,,,
192,f0308,foto,"demo v3, o flash-forward",2016_Clara_impoe_insignias_tiago.jpg,4.0,0.7,736.45,740.45,3.3,2.6,Zoom in,,fundo,,,,,,
193,f0457,foto,"demo v3, o flash-forward",DSC02953.JPG,4.0,0.7,739.75,743.75,3.3,2.6,Zoom in,,fundo,,,,,,
194,f0459,foto,"demo v3, o flash-forward",DSCN5569.JPG,4.0,0.7,743.05,747.05,3.3,2.6,Zoom in,,fundo,,,,,,
195,f0487,foto,"demo v3, o flash-forward",IMG-20181102-WA0000.jpg,4.0,0.7,746.35,750.35,3.3,2.6,Zoom in,,fundo,,,,,,
196,f0357,foto,"demo v3, o flash-forward",2016_Familia_Tiago_imposicao_insignias.jpg,4.0,0.7,749.65,753.65,3.3,2.6,Zoom in,,fundo,,,,,,
197,f0598,foto,"demo v3, o flash-forward",IMG_4098.JPG,4.0,0.7,752.95,756.95,3.3,2.6,Zoom in,,fundo,,,,,,
198,f0162,foto,"demo v3, o flash-forward",21-8.jpg,4.0,0.7,756.25,760.25,3.3,2.6,Zoom in,,fundo,,,,,,
