ordem,id,tipo,seccao,ficheiro,duracao_s,transicao_s,inicio_s,fim_s,dominante_s,solo_s,movimento,texto_ecra,duracao_original_s,variacao_pct,fonte_imagem,nota
1,,video,Fanfarra,20th Century Fox   Abertura Clássic.mp4,20.37,0.0,0.0,20.37,20.37,18.97,,,20.371,0.0,,"fanfarra, fica inteira"
2,,cartao,Fanfarra,,4.92,0.7,19.67,24.59,4.22,3.52,,A História de Clara e Tiago,7.0,-29.7,,
3,,cartao,Clara,,3.7,0.7,23.89,27.59,3.0,2.3,,Clara,5.0,-26.0,,
4,,cartao,Clara,,4.31,0.7,26.89,31.2,3.61,2.91,,Era uma vez uma  menina que nasceu no  ano da graça de 1995,6.0,-28.1,,
5,f0012,foto,Clara,1 (2).jpg,4.92,0.7,30.5,35.43,4.22,3.52,Zoom in,"Era clara,  e como  já estava  vaticinado, chamar-se-ia  Clara.",7.0,-29.7,lanczos,
6,f0041,foto,Clara,2.jpg,4.31,0.7,34.73,39.04,3.61,2.91,Zoom in,Era muito bem disposta...,6.0,-28.1,IA,
7,f0169,foto,Clara,5 (2).jpg,4.31,0.7,38.34,42.65,3.61,2.91,Zoom in,,6.0,-28.1,lanczos,
8,f0172,foto,Clara,6.jpg,3.7,0.7,41.95,45.65,3.0,2.3,Zoom in,Muito curiosa...,5.0,-26.0,lanczos,
9,f0170,foto,Clara,5-3.jpg,4.92,0.7,44.95,49.87,4.22,3.52,Zoom in,"Muito  rebelde...  (Dizia  ""não se  mexe"",  e  mexia...)",7.0,-29.7,lanczos,
10,f0175,foto,Clara,7.jpg,3.7,0.7,49.17,52.87,3.0,2.3,Zoom in,Muito irrequieta...,5.0,-26.0,lanczos,
11,f0230,foto,Clara,9-25.jpg,4.31,0.7,52.17,56.48,3.61,2.91,Zoom in,Gostava  dos  bichinhos  todos,6.0,-28.1,lanczos,
12,f0174,foto,Clara,7-1.jpg,4.31,0.7,55.78,60.09,3.61,2.91,Zoom in,Clarinha  e  as  pombas,6.0,-28.1,lanczos,
13,f0186,foto,Clara,8.jpg,4.31,0.7,59.39,63.71,3.61,2.91,Zoom in,"Era endiabrada, mas também encantadora.",6.0,-28.1,IA,
14,f0176,foto,Clara,8-1.jpg,3.7,0.7,63.01,66.71,3.0,2.3,Zoom in,,5.0,-26.0,lanczos,
15,f0177,foto,Clara,8-3.jpg,4.31,0.7,66.01,70.32,3.61,2.91,Zoom in,E clarividente,6.0,-28.1,lanczos,
16,f0179,foto,Clara,8-5.jpg,4.92,0.7,69.62,74.54,4.22,3.52,Zoom in,Desde muito cedo criou uma  grande empatia com colegas e amigos,7.0,-29.7,lanczos,
17,f0180,foto,Clara,8-6.jpg,8.28,0.7,73.84,82.12,7.58,6.88,Nenhum,E logo ganhou um Clube de Fãs,12.5,-33.7,IA,
18,f0181,foto,Clara,8-7.jpg,8.28,0.7,81.42,89.71,7.58,6.88,Nenhum,Inspirou figuras de estilo...,12.5,-33.7,IA,
19,f0182,foto,Clara,8-8.jpg,4.92,0.7,89.01,93.93,4.22,3.52,Nenhum,Repetições e aliterações...,7.0,-29.7,lanczos,
20,f0185,foto,Clara,8-9.jpg,4.92,0.7,93.23,98.15,4.22,3.52,Zoom in,Conotações...,7.0,-29.7,IA,
21,f0183,foto,Clara,8-9-1.jpg,6.15,0.7,97.45,103.6,5.45,4.75,Zoom in,Metáforas e hipérboles...,9.0,-31.7,lanczos,
22,f0184,foto,Clara,8-9-2.jpg,5.53,0.7,102.9,108.43,4.83,4.13,Zoom in,"Aos 8 anos recebeu o primeiro pedido de  casamento, uma aliança feita de  uma argola de porta-chaves...",8.0,-30.8,original,
23,f0236,foto,Clara,9.1.jpg,4.31,0.7,107.73,112.04,3.61,2.91,Zoom in,Já usou um  penteado à  Emma Watson,6.0,-28.1,lanczos,
24,f0237,foto,Clara,9.4.JPG,3.7,0.7,111.34,115.04,3.0,2.3,Zoom in,Aos 16 anos,5.0,-26.0,lanczos,
25,f0235,foto,Clara,9-5.JPG,3.7,0.7,114.34,118.04,3.0,2.3,Zoom in,,5.0,-26.0,original,
26,f0221,foto,Clara,9-2.jpg,4.31,0.7,117.34,121.66,3.61,2.91,Zoom in,Aos 18 anos,6.0,-28.1,lanczos,
27,f0213,foto,Clara,9-14.JPG,4.31,0.7,120.96,125.27,3.61,2.91,Zoom in,Foi sempre irreverente...,6.0,-28.1,original,
28,f0039,foto,Clara,19-1.JPG,3.7,0.7,124.57,128.27,3.0,2.3,Zoom in,,5.0,-26.0,original,
29,f0040,foto,Clara,19-2.JPG,4.92,0.7,127.57,132.49,4.22,3.52,Zoom in,E comunicativa (No Rock in Rio Lisboa),7.0,-29.7,original,
30,f0211,foto,Clara,9-12.JPG,6.15,0.7,131.79,137.93,5.45,4.75,Zoom in,Colaborando com uma  estátua viva  em Barcelona,9.0,-31.7,original,
31,f0212,foto,Clara,9-13.JPG,3.7,0.7,137.23,140.93,3.0,2.3,Zoom in,,5.0,-26.0,lanczos,
32,f0217,foto,Clara,9-15.JPG,6.76,0.7,140.23,146.99,6.06,5.36,Zoom in,"Com um vendedor de artesanato no vulcão Etna  (Sicília). ""Chiara, siediti qui per una foto.""",10.0,-32.4,original,
33,f0214,foto,Clara,9-15-1.JPG,4.31,0.7,146.29,150.6,3.61,2.91,Zoom in,"Com o Miguel Araújo, na Feira do Livro.",6.0,-28.1,lanczos,
34,f0215,foto,Clara,9-15-2.jpg,4.31,0.7,149.9,154.21,3.61,2.91,Zoom in,Numa Ação de  Voluntariado  Morais Leitão,6.0,-28.1,lanczos,
35,f0216,foto,Clara,9-15-4.jpg,6.76,0.7,153.51,160.27,6.06,5.36,Nenhum,Orgulhosa do primeiro automóvel. Com ele    iria ganhar... algumas multas por excesso                                                      de  velocidade... / Eterna fã do Harry Potter (Local de filmagens em  Londres)...,10.0,-32.4,original,
36,f0218,foto,Clara,9-16.JPG,4.92,0.7,159.57,164.49,4.22,3.52,Zoom in,Eterna fã do Harry Potter (Local de filmagens em  Londres)...,7.0,-29.7,original,
37,f0219,foto,Clara,9-17.JPG,4.92,0.7,163.79,168.71,4.22,3.52,Zoom in,"Do ""Game of Thrones"". (Local de  filmagens na Croácia)...",7.0,-29.7,original,
38,f0220,foto,Clara,9-18.JPG,4.31,0.7,168.01,172.33,3.61,2.91,Zoom in,E de futebolistas...,6.0,-28.1,original,
39,f0222,foto,Clara,9-23.JPG,3.7,0.7,171.63,175.33,3.0,2.3,Zoom in,Gosta de festas...,5.0,-26.0,original,
40,f0229,foto,Clara,9-24.JPG,3.7,0.7,174.63,178.33,3.0,2.3,Zoom in,,5.0,-26.0,lanczos,
41,f0223,foto,Clara,9-24-1.JPG,3.7,0.7,177.63,181.33,3.0,2.3,Zoom in,E de convívios,5.0,-26.0,lanczos,
42,f0225,foto,Clara,9-24-4.jpeg,4.31,0.7,180.63,184.94,3.61,2.91,Zoom in,Gosta de  futebol  e  adora  o FCP,6.0,-28.1,lanczos,
43,f0226,foto,Clara,9-24-5.JPG,4.92,0.7,184.24,189.16,4.22,3.52,Zoom in,Quando lhe  dizem  que o FCP  vai perder...,7.0,-29.7,original,
44,f0054,foto,Clara,20260623_201228.jpg,4.01,0.7,188.46,192.46,3.31,2.61,Zoom in,No Mundial  de futebol  2026,5.5,-27.2,lanczos,
45,f0298,foto,Clara,Scanner_20260814.jpg,4.31,0.7,191.76,196.08,3.61,2.91,Zoom in,É desde sempre  apaixonada por cães,6.0,-28.1,IA,
46,f0231,foto,Clara,9-26.JPG,3.7,0.7,195.38,199.08,3.0,2.3,Zoom in,Pelos dela...,5.0,-26.0,lanczos,
47,f0232,foto,Clara,9-27.JPG,3.7,0.7,198.38,202.08,3.0,2.3,Zoom in,,5.0,-26.0,original,
48,f0233,foto,Clara,9-28.JPG,3.7,0.7,201.38,205.08,3.0,2.3,Zoom in,... E pelos dos outros.,5.0,-26.0,lanczos,
49,f0234,foto,Clara,9-29.JPG,4.31,0.7,204.38,208.69,3.61,2.91,Zoom in,,6.0,-28.1,lanczos,
50,f0042,foto,Clara,20-1.jpg,4.31,0.7,207.99,212.3,3.61,2.91,Zoom in,Aprecia atividades  ao ar livre,6.0,-28.1,original,
51,f0043,foto,Clara,20-2.JPG,3.7,0.7,211.6,215.3,3.0,2.3,Zoom in,"Velozes,  de preferência...",5.0,-26.0,original,
52,f0044,foto,Clara,20-3.JPG,4.92,0.7,214.6,219.52,4.22,3.52,Nenhum,"Velozes,  de preferência...",7.0,-29.7,original,
53,f0045,foto,Clara,20-4.png,4.92,0.7,218.82,223.74,4.22,3.52,Nenhum,... E com adrenalina...,7.0,-29.7,IA,
54,f0067,foto,Clara,21-2.jpg,4.31,0.7,223.04,227.35,3.61,2.91,Zoom in,"Não gosta de perder, nem a feijões. Preparando-se para fazer um strike...",6.0,-28.1,lanczos,
55,f0077,foto,Clara,21-3.jpg,4.92,0.7,226.65,231.58,4.22,3.52,Zoom in,Sem medos... / Sem comentários...,7.0,-29.7,lanczos,
56,f0083,foto,Clara,21-4.JPG,4.92,0.7,230.88,235.8,4.22,3.52,Zoom in,Sem comentários...,7.0,-29.7,original,
57,f0046,foto,Clara,20.JPG,3.7,0.7,235.1,238.8,3.0,2.3,Zoom in,Cena de filme à Marilyn Monroe,5.0,-26.0,original,
58,f0154,foto,Clara,21-5.JPG,7.06,0.7,238.1,245.16,6.36,5.66,Zoom in,"Mas nem tudo é diversão. Estudando na véspera  do exame de Físico- -Química, na festa da  Comunhão da Irene...",10.5,-32.7,original,
59,f0159,foto,Clara,21-6.jpg,4.92,0.7,244.46,249.38,4.22,3.52,Zoom in,"Praxe. A alcunha de  Caloira era ""Rapunzel  Sabichónis"".",7.0,-29.7,lanczos,
60,f0161,foto,Clara,21-7.JPG,4.92,0.7,248.68,253.61,4.22,3.52,Zoom in,Cortejo da Queima das Fitas 2017.  Onde está a Wally?,7.0,-29.7,original,
61,f0163,foto,Clara,21-9.JPG,6.15,0.7,252.91,259.05,5.45,4.75,Zoom in,Em 2018 foi eleita para representar a  Faculdade na competição  Moot Court Direito da Concorrência,9.0,-31.7,original,
62,f0056,foto,Clara,21-10.JPG,5.53,0.7,258.35,263.89,4.83,4.13,Zoom in,E ganhou o Prémio de Melhor Oradora  pela FDUP,8.0,-30.8,lanczos,
63,f0284,foto,Clara,IMG_7790.JPG,3.7,0.7,263.19,266.89,3.0,2.3,Zoom in,Finalista de Direito,5.0,-26.0,original,
64,f0060,foto,Clara,21-11.jpeg,4.92,0.7,266.19,271.11,4.22,3.52,Zoom in,"Passeios. O verbo ""ir""  é o que  melhor sabe  conjugar.",7.0,-29.7,original,
65,f0057,foto,Clara,21-11-1.JPG,3.7,0.7,270.41,274.11,3.0,2.3,Zoom in,Em Serralves,5.0,-26.0,original,
66,f0058,foto,Clara,21-11-2.JPG,3.7,0.7,273.41,277.11,3.0,2.3,Zoom in,Em Sintra / Em Setúbal,5.0,-26.0,original,
67,f0059,foto,Clara,21-11-3.jpg,3.7,0.7,276.41,280.11,3.0,2.3,Zoom in,Em Setúbal / Nos Açores,5.0,-26.0,lanczos,
68,f0061,foto,Clara,21-12.JPG,3.7,0.7,279.41,283.11,3.0,2.3,Zoom in,Nos Açores,5.0,-26.0,lanczos,
69,f0062,foto,Clara,21-13.JPG,3.7,0.7,282.41,286.11,3.0,2.3,Zoom in,,5.0,-26.0,lanczos,
70,f0063,foto,Clara,21-15.JPG,3.7,0.7,285.41,289.11,3.0,2.3,Zoom in,Na Croácia,5.0,-26.0,lanczos,
71,f0064,foto,Clara,21-16.JPG,3.7,0.7,288.41,292.11,3.0,2.3,Zoom in,Na Croácia,5.0,-26.0,original,
72,f0079,foto,Clara,21-31.jpg,3.7,0.7,291.41,295.11,3.0,2.3,Zoom in,,5.0,-26.0,lanczos,
73,f0078,foto,Clara,21-30.JPG,3.7,0.7,294.41,298.11,3.0,2.3,Zoom in,Em Bruges,5.0,-26.0,original,
74,f0065,foto,Clara,21-17.JPG,4.31,0.7,297.41,301.72,3.61,2.91,Zoom in,No Parlamento de Budapeste,6.0,-28.1,original,
75,f0066,foto,Clara,21-18.JPG,3.7,0.7,301.02,304.72,3.0,2.3,Zoom in,Na Sicília. Siracusa; / Em Taormina,5.0,-26.0,original,
76,f0076,foto,Clara,21-29.jpeg,4.31,0.7,304.02,308.33,3.61,2.91,Zoom in,Em Taormina,6.0,-28.1,original,
77,f0068,foto,Clara,21-20.JPG,4.31,0.7,307.63,311.94,3.61,2.91,Zoom in,Na Alemanha.  Em Dinkelsbuhl;,6.0,-28.1,original,
78,f0072,foto,Clara,21-24.jpeg,4.92,0.7,311.24,316.16,4.22,3.52,Zoom in,"Em Wurzburg (Ponte Alte Mainbrucke); / Em Schwangau,  contemplando o Castelo de  Neuschwanstein;",7.0,-29.7,original,
79,f0070,foto,Clara,21-22.jpeg,4.92,0.7,315.46,320.39,4.22,3.52,Zoom in,"Em Schwangau,  contemplando o Castelo de  Neuschwanstein;",7.0,-29.7,original,
80,f0272,foto,Clara,IMG_4362.JPG,3.7,0.7,319.69,323.39,3.0,2.3,Zoom in,Em Frankfurt / Em Bratislava,5.0,-26.0,original,
81,f0069,foto,Clara,21-21.JPG,3.7,0.7,322.69,326.39,3.0,2.3,Zoom in,Em Bratislava,5.0,-26.0,original,
82,f0073,foto,Clara,21-25.JPG,3.7,0.7,325.69,329.39,3.0,2.3,Zoom in,"Em Roma, espelho de rua.",5.0,-26.0,original,
83,f0071,foto,Clara,21-23.jpg,6.15,0.7,328.69,334.83,5.45,4.75,Nenhum,Na Fontana  di Trevi. A Anita  Ekberg  portuguesa  do filme La  Dolce Vita.,9.0,-31.7,lanczos,
84,f0074,foto,Clara,21-26.JPG,3.7,0.7,334.13,337.83,3.0,2.3,Zoom in,Em Florença,5.0,-26.0,original,
85,f0075,foto,Clara,21-28.jpeg,3.7,0.7,337.13,340.83,3.0,2.3,Zoom in,Em Londres / Em Nova York,5.0,-26.0,original,
86,f0080,foto,Clara,21-32.jpg,3.7,0.7,340.13,343.83,3.0,2.3,Zoom in,Em Nova York,5.0,-26.0,lanczos,
87,f0268,foto,Clara,IMG_3835.jpg,5.53,0.7,343.13,348.67,4.83,4.13,Zoom in,"Em Lanzarote, com Pilar del Río.",8.0,-30.8,original,
88,f0228,foto,Clara,9-24-8.JPG,4.92,0.7,347.97,352.89,4.22,3.52,Zoom in,"Passeia muito, mas está sempre  conectada com o mundo do trabalho.",7.0,-29.7,original,
89,f0227,foto,Clara,9-24-7.JPG,4.92,0.7,352.19,357.11,4.22,3.52,Zoom in,"Numa viagem de comboio, em férias.",7.0,-29.7,original,
90,f0274,foto,Clara,IMG_4477.JPG,4.92,0.7,356.41,361.33,4.22,3.52,Zoom in,"Férias 2026, nas ilhas também  se costuma trabalhar bem... / Caminhadas pelo Parque das  Serras do Porto",7.0,-29.7,original,
91,f0081,foto,Clara,21-38.jpg,3.7,0.7,360.63,364.33,3.0,2.3,Zoom in,Caminhadas pelo Parque das  Serras do Porto,5.0,-26.0,original,
92,f0082,foto,Clara,21-39.jpg,3.7,0.7,363.63,367.33,3.0,2.3,Zoom in,,5.0,-26.0,original,
93,f0085,foto,Clara,21-41.JPG,3.7,0.7,366.63,370.33,3.0,2.3,Zoom in,,5.0,-26.0,original,
94,f0086,foto,Clara,21-42.JPG,3.7,0.7,369.63,373.33,3.0,2.3,Zoom in,,5.0,-26.0,original,
95,f0087,foto,Clara,21-43.JPG,3.7,0.7,372.63,376.33,3.0,2.3,Zoom in,,5.0,-26.0,original,
96,f0088,foto,Clara,21-44.JPG,3.7,0.7,375.63,379.33,3.0,2.3,Zoom in,,5.0,-26.0,original,
97,f0102,foto,Clara,21-45.JPG,3.7,0.7,378.63,382.33,3.0,2.3,Zoom in,,5.0,-26.0,original,
98,f0224,foto,Clara,9-24-2.JPG,3.7,0.7,381.63,385.33,3.0,2.3,Zoom in,,5.0,-26.0,original,
99,,cartao,Familia,,3.7,0.7,384.63,388.33,3.0,2.3,,Família,5.0,-26.0,,
100,f0013,foto,Familia,10-1 (2).jpg,4.92,0.7,387.63,392.56,4.22,3.52,Nenhum,Com o pai. Era pequenina  e já lhe dava ouras...,7.0,-29.7,lanczos,
101,f0014,foto,Familia,10-2.jpg,3.7,0.7,391.86,395.56,3.0,2.3,Zoom in,,5.0,-26.0,IA,
102,f0016,foto,Familia,10-4.jpg,3.7,0.7,394.86,398.56,3.0,2.3,Zoom in,,5.0,-26.0,lanczos,
103,f0015,foto,Familia,10-3.jpg,3.7,0.7,397.86,401.56,3.0,2.3,Nenhum,,5.0,-26.0,lanczos,
104,f0017,foto,Familia,10-5.JPG,4.92,0.7,400.86,405.78,4.22,3.52,Zoom in,"""Pai, põe a mochila, depois levas o skate...""",7.0,-29.7,original,
105,f0033,foto,Familia,11.jpg,3.7,0.7,405.08,408.78,3.0,2.3,Zoom in,Com a mãe,5.0,-26.0,lanczos,
106,f0173,foto,Familia,69916331_2555139434539758_2920736718019624960_n.jpg,4.31,0.7,408.08,412.39,3.61,2.91,Zoom in,,6.0,-28.1,lanczos,
107,f0027,foto,Familia,11-4.JPG,3.7,0.7,411.69,415.39,3.0,2.3,Zoom in,Com o Henrique (o mano),5.0,-26.0,lanczos,
108,f0028,foto,Familia,11-5.jpg,4.31,0.7,414.69,419.0,3.61,2.91,Zoom in,Com o Henrique (o mano),6.0,-28.1,IA,
109,f0029,foto,Familia,11-6.jpg,3.7,0.7,418.3,422.0,3.0,2.3,Zoom in,,5.0,-26.0,lanczos,
110,f0030,foto,Familia,11-7.jpg,3.7,0.7,421.3,425.0,3.0,2.3,Zoom in,,5.0,-26.0,lanczos,
111,f0031,foto,Familia,11-8.jpg,3.7,0.7,424.3,428.0,3.0,2.3,Zoom in,,5.0,-26.0,lanczos,
112,f0032,foto,Familia,11-9.jpg,4.31,0.7,427.3,431.61,3.61,2.91,Zoom in,,6.0,-28.1,lanczos,
113,f0021,foto,Familia,11-10.JPG,3.7,0.7,430.91,434.61,3.0,2.3,Zoom in,,5.0,-26.0,original,
114,f0022,foto,Familia,11-12.JPG,8.28,0.7,433.91,442.2,7.58,6.88,Nenhum,"Em Viena:   -Estas sobremesas são bem instagramáveis!   -Demoramos menos tempo a comê-las, do que a         fotografá-las...",12.5,-33.7,original,
115,f0023,foto,Familia,11-13.jpg,6.15,0.7,441.5,447.64,5.45,4.75,Zoom in,"-Clara, gostas dessa    canção do Ed Sheeran? -Gosto! -Então não a estragues...",9.0,-31.7,original,
116,f0270,foto,Familia,IMG_4224.JPG,6.15,0.7,446.94,453.09,5.45,4.75,Nenhum,"O pai: -Clara, já vais outra vez em excesso                             de velocidade! O irmão: -Ela é uma Fora-da-Lei...",9.0,-31.7,original,
117,f0024,foto,Familia,11-14.jpg,4.92,0.7,452.39,457.31,4.22,3.52,Zoom in,Com o mano  e a mãe,7.0,-29.7,IA,
118,f0025,foto,Familia,11-15.jpg,3.7,0.7,456.61,460.31,3.0,2.3,Zoom in,,5.0,-26.0,lanczos,
119,f0026,foto,Familia,11-20.jpg,4.92,0.7,459.61,464.53,4.22,3.52,Zoom in,E com o pai,7.0,-29.7,lanczos,
120,f0095,foto,Familia,21-45-2.jpg,4.92,0.7,463.83,468.75,4.22,3.52,Zoom in,Com os padrinhos de batismo  e de casamento,7.0,-29.7,lanczos,
121,f0097,foto,Familia,21-45-4.jpg,6.76,0.7,468.05,474.81,6.06,5.36,Nenhum,Com a família materna,10.0,-32.4,lanczos,
122,f0098,foto,Familia,21-45-5.JPG,6.76,0.7,474.11,480.87,6.06,5.36,Nenhum,,10.0,-32.4,lanczos,
123,f0096,foto,Familia,21-45-3.JPG,4.92,0.7,480.17,485.09,4.22,3.52,Zoom in,,7.0,-29.7,original,
124,f0099,foto,Familia,21-45-6.jpg,6.76,0.7,484.39,491.15,6.06,5.36,Nenhum,Com a família paterna / No casamento do primo Filipe,10.0,-32.4,original,
125,f0100,foto,Familia,21-45-8.jpg,6.76,0.7,490.45,497.2,6.06,5.36,Zoom in,No casamento do primo Filipe / No 99.º Aniversário da avó  Maria dos Anjos,10.0,-32.4,IA,
126,f0101,foto,Familia,21-45-9.jpg,6.76,0.7,496.5,503.26,6.06,5.36,Zoom in,No 99.º Aniversário da avó  Maria dos Anjos,10.0,-32.4,original,
127,,cartao,Amigos e colegas,,3.7,0.7,502.56,506.26,3.0,2.3,,Amigos e colegas,5.0,-26.0,,
128,f0299,foto,Amigos e colegas,WhatsApp Image 2021-11-15 at 18.54.22.jpeg,4.31,0.7,505.56,509.87,3.61,2.91,Nenhum,Com amigos da Secundária...,6.0,-28.1,lanczos,
129,f0245,foto,Amigos e colegas,DSC02999.JPG,3.7,0.7,509.17,512.87,3.0,2.3,Zoom in,,5.0,-26.0,original,
130,f0290,foto,Amigos e colegas,IMG_9013.JPG,4.31,0.7,512.17,516.48,3.61,2.91,Zoom in,E da Faculdade,6.0,-28.1,original,
131,f0055,foto,Amigos e colegas,21-1.JPG,4.31,0.7,515.78,520.09,3.61,2.91,Zoom in,Com as amigas de sempre,6.0,-28.1,original,
132,f0089,foto,Amigos e colegas,21-45-10.jpg,4.92,0.7,519.39,524.31,4.22,3.52,Nenhum,,7.0,-29.7,lanczos,
133,f0090,foto,Amigos e colegas,21-45-11.jpg,5.53,0.7,523.61,529.15,4.83,4.13,Nenhum,Farmácia vs Direito vs Bioquímica vs Engenharia,8.0,-30.8,lanczos,
134,,cartao,Colegas de trabalho (dela),,3.7,0.7,528.45,532.15,3.0,2.3,,Colegas de trabalho,5.0,-26.0,,
135,f0091,foto,Colegas de trabalho (dela),21-45-16.jpeg,4.31,0.7,531.45,535.76,3.61,2.91,Zoom in,,6.0,-28.1,lanczos,
136,f0047,foto,Colegas de trabalho (dela),200_ML_FestaNatal2022.jpg,4.31,0.7,535.06,539.37,3.61,2.91,Nenhum,,6.0,-28.1,original,
137,f0241,foto,Colegas de trabalho (dela),content.jpg,3.7,0.7,538.67,542.37,3.0,2.3,Zoom in,,5.0,-26.0,lanczos,
138,f0242,foto,Colegas de trabalho (dela),content5.jpg,3.7,0.7,541.67,545.37,3.0,2.3,Zoom in,,5.0,-26.0,lanczos,
139,f0168,foto,Colegas de trabalho (dela),499_ML_FestaNatal2024.jpg,4.31,0.7,544.67,548.98,3.61,2.91,Zoom in,,6.0,-28.1,original,
140,f0259,foto,Colegas de trabalho (dela),IMG_1475.jpeg,3.7,0.7,548.28,551.98,3.0,2.3,Nenhum,,5.0,-26.0,original,
141,f0092,foto,Colegas de trabalho (dela),21-45-17.jpeg,4.92,0.7,551.28,556.2,4.22,3.52,Nenhum,A  verdadeira  Claque do FCP,7.0,-29.7,lanczos,
142,f0093,foto,Colegas de trabalho (dela),21-45-18.jpeg,4.92,0.7,555.5,560.43,4.22,3.52,Zoom in,A  verdadeira  Claque do FCP,7.0,-29.7,lanczos,
143,f0262,foto,Colegas de trabalho (dela),IMG_2601.jpeg,4.31,0.7,559.73,564.04,3.61,2.91,Zoom in,,6.0,-28.1,original,
144,f0300,foto,Colegas de trabalho (dela),WhatsApp Image 2025-10-10 at 14.45.56 (1).jpeg,3.7,0.7,563.34,567.04,3.0,2.3,Zoom in,A Task Force  de Corporate,5.0,-26.0,lanczos,
145,f0301,foto,Colegas de trabalho (dela),WhatsApp Image 2025-10-10 at 14.45.56.jpeg,3.7,0.7,566.34,570.04,3.0,2.3,Zoom in,,5.0,-26.0,lanczos,
146,f0285,foto,Colegas de trabalho (dela),IMG_7886.jpeg,3.7,0.7,569.34,573.04,3.0,2.3,Nenhum,Hora de almoço / Com a Inês,5.0,-26.0,original,
147,f0094,foto,Colegas de trabalho (dela),21-45-19.jpg,3.7,0.7,572.34,576.04,3.0,2.3,Zoom in,Com a Inês,5.0,-26.0,lanczos,
148,f0167,foto,Colegas de trabalho (dela),448_ML_FestaNatal2024.jpg,3.7,0.7,575.34,579.04,3.0,2.3,Zoom in,Com a Francisca,5.0,-26.0,original,
149,f0240,foto,Colegas de trabalho (dela),b0773331-cf53-4b1c-bb33-9cbe08cb4031.jpeg,3.7,0.7,578.34,582.04,3.0,2.3,Zoom in,,4.0,-7.5,lanczos,
150,,cartao,Tiago,,4.92,0.7,581.34,586.26,4.22,3.52,,Tiago,7.0,-29.7,,
151,,cartao,Tiago,,6.15,0.7,585.56,591.71,5.45,4.75,,"Era uma vez  um menino loiro,  de olhos azuis, que também nasceu  em 1995.",9.0,-31.7,,
152,f0103,foto,Tiago,21-46.jpg,4.92,0.7,591.01,595.93,4.22,3.52,Zoom in,Foi o  segundo filho,7.0,-29.7,IA,
153,f0104,foto,Tiago,21-47.jpg,4.92,0.7,595.23,600.15,4.22,3.52,Zoom in,E era amoroso,7.0,-29.7,lanczos,
154,f0105,foto,Tiago,21-48.jpg,4.92,0.7,599.45,604.37,4.22,3.52,Zoom in,"Com a mãe, o mano e as primas.",7.0,-29.7,IA,
155,f0153,foto,Tiago,21-49.jpg,3.7,0.7,603.67,607.37,3.0,2.3,Zoom in,E com o pai,5.0,-26.0,lanczos,
156,f0115,foto,Tiago,21-49-2.jpg,3.7,0.7,606.67,610.37,3.0,2.3,Zoom in,Com a avó Orquídia,5.0,-26.0,lanczos,
157,f0125,foto,Tiago,21-49-3.jpg,4.31,0.7,609.67,613.98,3.61,2.91,Zoom in,Primeiro aniversário.  O pai faz anos no mesmo dia.,6.0,-28.1,IA,
158,f0134,foto,Tiago,21-49-4.jpg,3.7,0.7,613.28,616.98,3.0,2.3,Zoom in,Segundo aniversário,5.0,-26.0,IA,
159,f0107,foto,Tiago,21-49-11.jpg,3.7,0.7,616.28,619.98,3.0,2.3,Zoom in,Terceiro aniversário,5.0,-26.0,lanczos,
160,f0151,foto,Tiago,21-49-6.jpg,3.7,0.7,619.28,622.98,3.0,2.3,Zoom in,Em Portugal dos Pequeninos,5.0,-26.0,lanczos,
161,f0152,foto,Tiago,21-49-8.jpg,3.7,0.7,622.28,625.98,3.0,2.3,Zoom in,,5.0,-26.0,lanczos,
162,f0106,foto,Tiago,21-49-10.jpg,3.7,0.7,625.28,628.98,3.0,2.3,Zoom in,,5.0,-26.0,lanczos,
163,f0108,foto,Tiago,21-49-12.jpg,3.7,0.7,628.28,631.98,3.0,2.3,Zoom in,Adolescência,5.0,-26.0,original,
164,f0109,foto,Tiago,21-49-13 - Cópia - Cópia.JPG,3.7,0.7,631.28,634.98,3.0,2.3,Nenhum,,5.0,-26.0,original,
165,f0111,foto,Tiago,21-49-15.JPG,3.7,0.7,634.28,637.98,3.0,2.3,Zoom in,Adepto  do FCP,5.0,-26.0,lanczos,
166,f0113,foto,Tiago,21-49-18.JPG,3.7,0.7,637.28,640.98,3.0,2.3,Zoom in,Apreciador  de música,5.0,-26.0,lanczos,
167,f0117,foto,Tiago,21-49-21.JPG,3.7,0.7,640.28,643.98,3.0,2.3,Zoom in,,5.0,-26.0,original,
168,f0116,foto,Tiago,21-49-20.JPG,4.92,0.7,643.28,648.21,4.22,3.52,Zoom in,De café...  (No Majestic),7.0,-29.7,original,
169,f0280,foto,Tiago,IMG_4601(7).jpg,3.7,0.7,647.51,651.21,3.0,2.3,Zoom in,... De cerveja,5.0,-26.0,original,
170,f0112,foto,Tiago,21-49-16.JPG,5.23,0.7,650.51,655.73,4.53,3.83,Zoom in,É um rapaz ponderado e cedo  aprendeu a fazer contas à vida  (quis ser Economista)...,7.5,-30.3,original,
171,f0114,foto,Tiago,21-49-19.JPG,4.31,0.7,655.03,659.35,3.61,2.91,Zoom in,Mas é  o primeiro  a alinhar  nas brincadeiras,6.0,-28.1,original,
172,f0296,foto,Tiago,Porto (10).JPG,3.7,0.7,658.65,662.35,3.0,2.3,Zoom in,,5.0,-26.0,original,
173,f0126,foto,Tiago,21-49-30.JPG,4.31,0.7,661.65,665.96,3.61,2.91,Zoom in,Explicando  que o 1.º rei  de Portugal  não era  Afonso...,6.0,-28.1,original,
174,f0127,foto,Tiago,21-49-31.JPG,4.31,0.7,665.26,669.57,3.61,2.91,Zoom in,Vendo o mundo de pernas p'ró ar,6.0,-28.1,original,
175,f0128,foto,Tiago,21-49-32.JPG,3.7,0.7,668.87,672.57,3.0,2.3,Zoom in,,5.0,-26.0,original,
176,f0132,foto,Tiago,21-49-38.JPG,3.7,0.7,671.87,675.57,3.0,2.3,Zoom in,,5.0,-26.0,lanczos,
177,f0306,foto,Tiago,WP_20150912_18_28_43_Pro.jpg,3.7,0.7,674.87,678.57,3.0,2.3,Zoom in,,4.0,-7.5,lanczos,
178,f0129,foto,Tiago,21-49-33.JPG,3.7,0.7,677.87,681.57,3.0,2.3,Zoom in,,5.0,-26.0,IA,
179,f0118,foto,Tiago,21-49-22.JPG,4.31,0.7,680.87,685.18,3.61,2.91,Zoom in,Com o irmão na praxe do... pai.,6.0,-28.1,original,
180,f0119,foto,Tiago,21-49-23.JPG,4.31,0.7,684.48,688.79,3.61,2.91,Zoom in,Desejando boa sorte ao pai  Finalista,6.0,-28.1,original,
181,f0120,foto,Tiago,21-49-24.JPG,3.7,0.7,688.09,691.79,3.0,2.3,Zoom in,Numa noite de chuva,5.0,-26.0,original,
182,f0121,foto,Tiago,21-49-26.JPG,4.92,0.7,691.09,696.01,4.22,3.52,Nenhum,Com a família paterna,7.0,-29.7,original,
183,f0122,foto,Tiago,21-49-27.JPG,3.7,0.7,695.31,699.01,3.0,2.3,Zoom in,,5.0,-26.0,original,
184,f0123,foto,Tiago,21-49-28.JPG,3.7,0.7,698.31,702.01,3.0,2.3,Zoom in,Com o Marco,5.0,-26.0,original,
185,f0130,foto,Tiago,21-49-34.JPG,3.7,0.7,701.31,705.01,3.0,2.3,Zoom in,No casamento  da mãe,5.0,-26.0,original,
186,f0131,foto,Tiago,21-49-36.JPG,3.7,0.7,704.31,708.01,3.0,2.3,Zoom in,"Com a  primeira  sobrinha,  Matilde.",5.0,-26.0,original,
187,f0282,foto,Tiago,IMG_6240.jpeg,3.7,0.7,707.31,711.01,3.0,2.3,Zoom in,E com o  Miguel,5.0,-26.0,original,
188,f0135,foto,Tiago,21-49-40.JPG,3.7,0.7,710.31,714.01,3.0,2.3,Zoom in,Ensaiando uma coreografia  com o irmão,5.0,-26.0,original,
189,f0136,foto,Tiago,21-49-41.JPG,3.7,0.7,713.31,717.01,3.0,2.3,Zoom in,,5.0,-26.0,original,
190,f0137,foto,Tiago,21-49-42.JPG,3.7,0.7,716.31,720.01,3.0,2.3,Zoom in,,5.0,-26.0,original,
191,f0138,foto,Tiago,21-49-43.JPG,3.7,0.7,719.31,723.01,3.0,2.3,Zoom in,Na Assembleia da República,5.0,-26.0,original,
192,f0257,foto,Tiago,IMG_0588.JPG,3.7,0.7,722.31,726.01,3.0,2.3,Zoom in,Um dos vários desportos que gosta de praticar,5.0,-26.0,original,
193,f0140,foto,Tiago,21-49-45.jpeg,3.7,0.7,725.31,729.01,3.0,2.3,Zoom in,O maratonista,5.0,-26.0,lanczos,
194,f0256,foto,Tiago,IMG-20260614-WA0013.jpg,4.31,0.7,728.31,732.62,3.61,2.91,Zoom in,,6.0,-28.1,lanczos,
195,f0141,foto,Tiago,21-49-46.jpg,4.31,0.7,731.92,736.24,3.61,2.91,Zoom in,O canoísta,6.0,-28.1,original,
196,f0142,foto,Tiago,21-49-47.jpeg,3.7,0.7,735.54,739.24,3.0,2.3,Zoom in,O pacifista,5.0,-26.0,original,
197,f0139,foto,Tiago,21-49-44.JPG,3.7,0.7,738.54,742.24,3.0,2.3,Zoom in,Look à Top Gun,5.0,-26.0,original,
198,f0143,foto,Tiago,21-49-51.jpg,3.7,0.7,741.54,745.24,3.0,2.3,Zoom in,,5.0,-26.0,lanczos,
199,f0124,foto,Tiago,21-49-29.JPG,3.7,0.7,744.54,748.24,3.0,2.3,Zoom in,Pilotando um helicóptero,5.0,-26.0,original,
200,f0133,foto,Tiago,21-49-39.JPG,3.7,0.7,747.54,751.24,3.0,2.3,Nenhum,Pilotando um trenó,5.0,-26.0,original,
201,f0049,foto,Tiago,20170521_162505.jpg,3.7,0.7,750.54,754.24,3.0,2.3,Zoom in,Na Régua,5.0,-26.0,original,
202,f0263,foto,Tiago,IMG_3216.JPG,3.7,0.7,753.54,757.24,3.0,2.3,Zoom in,Em Nova York,5.0,-26.0,original,
203,f0264,foto,Tiago,IMG_3461.JPG,3.7,0.7,756.54,760.24,3.0,2.3,Zoom in,,4.0,-7.5,original,
204,f0265,foto,Tiago,IMG_3540.JPG,3.7,0.7,759.54,763.24,3.0,2.3,Zoom in,Na Croácia  .,5.0,-26.0,original,
205,f0266,foto,Tiago,IMG_3547.JPG,3.7,0.7,762.54,766.24,3.0,2.3,Zoom in,,5.0,-26.0,original,
206,f0267,foto,Tiago,IMG_3576.JPG,3.7,0.7,765.54,769.24,3.0,2.3,Nenhum,Captando o pôr-de-sol,5.0,-26.0,original,
207,f0277,foto,Tiago,IMG_4517.JPG,3.7,0.7,768.54,772.24,3.0,2.3,Zoom in,,4.0,-7.5,original,
208,f0251,foto,Tiago,DSCN7849.JPG,4.31,0.7,771.54,775.85,3.61,2.91,Zoom in,"Em Zagreb, no estádio Maksimir.  .",6.0,-28.1,original,
209,f0278,foto,Tiago,IMG_4541.JPG,4.92,0.7,775.15,780.07,4.22,3.52,Zoom in,"Em  Londres, no Museu Madame Tussauds,  com Bolt.",7.0,-29.7,original,
210,f0279,foto,Tiago,IMG_4542.JPG,4.31,0.7,779.37,783.68,3.61,2.91,Zoom in,E com  Ronaldo,6.0,-28.1,original,
211,f0287,foto,Tiago,IMG_8450.jpeg,4.31,0.7,782.98,787.29,3.61,2.91,Zoom in,"Em  Buenos Aires, no  Bairro  La Boca.",6.0,-28.1,original,
212,f0295,foto,Tiago,IMG_9648.jpeg,4.31,0.7,786.59,790.9,3.61,2.91,Zoom in,"Empurrando um glaciar (Perito Moreno, na Argentina)",6.0,-28.1,original,
213,f0034,foto,Tiago,1200.jpg,4.31,0.7,790.2,794.52,3.61,2.91,Zoom in,Com o Henrique no Parque Guell,6.0,-28.1,lanczos,
214,,cartao,Colegas de trabalho (dele),,3.7,0.7,793.82,797.52,3.0,2.3,,Colegas de trabalho,5.0,-26.0,,
215,f0254,foto,Colegas de trabalho (dele),IMG-20250305-WA0113.jpg,4.92,0.7,796.82,801.74,4.22,3.52,Zoom in,,7.0,-29.7,lanczos,
216,f0255,foto,Colegas de trabalho (dele),IMG-20260513-WA0016.jpg,4.31,0.7,801.04,805.35,3.61,2.91,Zoom in,,6.0,-28.1,lanczos,
217,f0171,foto,Colegas de trabalho (dele),6-4.jpg,6.15,0.7,804.65,810.79,5.45,4.75,Nenhum,,9.0,-31.7,lanczos,
218,f0253,foto,Colegas de trabalho (dele),IMG-20221118-WA0013.jpg,4.92,0.7,810.09,815.02,4.22,3.52,Zoom in,,7.0,-29.7,IA,
219,f0144,foto,Colegas de trabalho (dele),21-49-52.JPG,4.92,0.7,814.32,819.24,4.22,3.52,Zoom in,Com a mãe no cortejo da Queima das  Fitas,7.0,-29.7,original,
220,f0145,foto,Colegas de trabalho (dele),21-49-53.jpg,3.7,0.7,818.54,822.24,3.0,2.3,Nenhum,Com a mãe e com a avó,5.0,-26.0,lanczos,
221,f0148,foto,Colegas de trabalho (dele),21-49-56.jpg,4.31,0.7,821.54,825.85,3.61,2.91,Zoom in,,6.0,-28.1,original,
222,f0146,foto,Colegas de trabalho (dele),21-49-54.jpg,3.7,0.7,825.15,828.85,3.0,2.3,Zoom in,E com a Sky,5.0,-26.0,lanczos,
223,f0147,foto,Colegas de trabalho (dele),21-49-55.jpg,3.7,0.7,828.15,831.85,3.0,2.3,Zoom in,,5.0,-26.0,lanczos,
224,f0149,foto,Colegas de trabalho (dele),21-49-57.jpg,3.7,0.7,831.15,834.85,3.0,2.3,Zoom in,,4.0,-7.5,lanczos,
225,,cartao,O encontro,,5.53,0.7,834.15,839.68,4.83,4.13,,Em 2011  a Clara e o Tiago  conheceram-se. E nunca mais  se largaram.,8.0,-30.8,,
226,f0239,foto,O encontro,A Happy Year (16).jpg,3.7,0.7,838.98,842.68,3.0,2.3,Nenhum,,5.0,-26.0,lanczos,
227,f0155,foto,O encontro,21-50.JPG,4.92,0.7,841.98,846.91,4.22,3.52,Zoom in,"Na Escola Secundária, com 16 anos.",7.0,-29.7,original,
228,f0038,foto,O encontro,185.JPG,3.7,0.7,846.21,849.91,3.0,2.3,Zoom in,,5.0,-26.0,original,
229,f0156,foto,O encontro,21-51.JPG,4.92,0.7,849.21,854.13,4.22,3.52,Zoom in,Na aula de Biologia,7.0,-29.7,original,
230,f0157,foto,O encontro,21-52.JPG,4.92,0.7,853.43,858.35,4.22,3.52,Zoom in,Festa dos 17 anos da Clara,7.0,-29.7,lanczos,
231,f0158,foto,O encontro,21-53.JPG,4.92,0.7,857.65,862.57,4.22,3.52,Zoom in,,7.0,-29.7,original,
232,f0160,foto,O encontro,21-60.jpg,4.92,0.7,861.87,866.8,4.22,3.52,Zoom in,Com 20 anos,7.0,-29.7,IA,
233,f0150,foto,O encontro,21-49-58.JPG,4.92,0.7,866.1,871.02,4.22,3.52,Zoom in,L'amour,7.0,-29.7,original,
234,f0164,foto,O encontro,22-2.JPG,3.7,0.7,870.32,874.02,3.0,2.3,Zoom in,E le glamour,5.0,-26.0,original,
235,f0165,foto,O encontro,22-5.JPG,3.7,0.7,873.32,877.02,3.0,2.3,Zoom in,,5.0,-26.0,lanczos,
236,f0188,foto,O encontro,82-1.JPG,3.7,0.7,876.32,880.02,3.0,2.3,Zoom in,,5.0,-26.0,original,
237,f0050,foto,O encontro,20170805181124.jpg,3.7,0.7,879.32,883.02,3.0,2.3,Zoom in,,5.0,-26.0,original,
238,f0293,foto,O encontro,IMG_9283 (1).jpg,3.7,0.7,882.32,886.02,3.0,2.3,Zoom in,,5.0,-26.0,original,
239,f0246,foto,O encontro,DSC07594.JPG,3.7,0.7,885.32,889.02,3.0,2.3,Zoom in,,5.0,-26.0,original,
240,f0244,foto,O encontro,DSC00093.JPG,3.7,0.7,888.32,892.02,3.0,2.3,Zoom in,,5.0,-26.0,original,
241,f0189,foto,O encontro,82-10.jpg,3.7,0.7,891.32,895.02,3.0,2.3,Zoom in,Em Veneza,5.0,-26.0,original,
242,f0192,foto,O encontro,82-2.jpg,3.7,0.7,894.32,898.02,3.0,2.3,Zoom in,"Em Londres,  2018.",5.0,-26.0,original,
243,f0199,foto,O encontro,82-37.jpeg,3.7,0.7,897.32,901.02,3.0,2.3,Zoom in,"Em Londres,  2025.",5.0,-26.0,original,
244,f0195,foto,O encontro,82-3.JPG,3.7,0.7,900.32,904.02,3.0,2.3,Zoom in,,5.0,-26.0,original,
245,f0187,foto,O encontro,82 - Cópia.jpg,4.92,0.7,903.32,908.24,4.22,3.52,Zoom in,Em Barcelona.  Escutando as explicações  sobre a obra de Gaudi.,7.0,-29.7,lanczos,
246,f0194,foto,O encontro,82-27.jpeg,3.7,0.7,907.54,911.24,3.0,2.3,Zoom in,,5.0,-26.0,original,
247,f0206,foto,O encontro,82-53.JPG,3.7,0.7,910.54,914.24,3.0,2.3,Zoom in,,5.0,-26.0,original,
248,f0292,foto,O encontro,IMG_9097.JPG,4.31,0.7,913.54,917.85,3.61,2.91,Nenhum,No Gerês,6.0,-28.1,original,
249,f0288,foto,O encontro,IMG_8594.jpeg,3.7,0.7,917.15,920.85,3.0,2.3,Zoom in,Na Argentina. Junto às Cataratas do  Iguaçú;,5.0,-26.0,original,
250,f0291,foto,O encontro,IMG_9062.jpeg,3.7,0.7,920.15,923.85,3.0,2.3,Zoom in,"Na Patagónia, junto  a uma colónia de pinguins.",5.0,-26.0,original,
251,f0289,foto,O encontro,IMG_8848.jpeg,3.7,0.7,923.15,926.85,3.0,2.3,Zoom in,Em Ushuaia,5.0,-26.0,original,
252,f0286,foto,O encontro,IMG_8145.jpeg,4.31,0.7,926.15,930.46,3.61,2.91,Zoom in,No estádio do Boca Juniors,6.0,-28.1,original,
253,f0048,foto,O encontro,20170204_200730.jpg,4.31,0.7,929.76,934.08,3.61,2.91,Zoom in,"Em comum, também tinham a  paixão pelo FCP.",6.0,-28.1,original,
254,f0261,foto,O encontro,IMG_2523.jpeg,3.7,0.7,933.38,937.08,3.0,2.3,Zoom in,,5.0,-26.0,original,
255,f0297,foto,O encontro,Scanner_20260606 (17).jpg,4.31,0.7,936.38,940.69,3.61,2.91,Zoom in,E pelo futebol em geral,6.0,-28.1,lanczos,
256,f0200,foto,O encontro,82-4.jpg,3.7,0.7,939.99,943.69,3.0,2.3,Zoom in,,5.0,-26.0,lanczos,
257,f0191,foto,O encontro,82-11.jpeg,4.31,0.7,942.99,947.3,3.61,2.91,Zoom in,E o fétiche por óculos...,6.0,-28.1,original,
258,f0190,foto,O encontro,82-11-1.jpg,3.7,0.7,946.6,950.3,3.0,2.3,Zoom in,,5.0,-26.0,lanczos,
259,f0269,foto,O encontro,IMG_4073.JPG,3.7,0.7,949.6,953.3,3.0,2.3,Zoom in,,5.0,-26.0,original,
260,f0248,foto,O encontro,DSC_0041.JPG,4.92,0.7,952.6,957.52,4.22,3.52,Nenhum,"Imposição de Insígnias. ""Tiago, não batas,  ela só fala na presença  do seu Advogado...""",7.0,-29.7,original,
261,f0166,foto,O encontro,30Abril18_125.jpg,4.31,0.7,956.82,961.13,3.61,2.91,Zoom in,No Baile  de Finalistas,6.0,-28.1,original,
262,,cartao,Cumplicidades,,4.92,0.7,960.43,965.35,4.22,3.52,,Cumplicidades,7.0,-29.7,,
263,f0204,foto,Cumplicidades,82-48.JPG,3.7,0.7,964.65,968.35,3.0,2.3,Zoom in,,5.0,-26.0,original,
264,f0203,foto,Cumplicidades,82-46.JPG,3.7,0.7,967.65,971.35,3.0,2.3,Zoom in,,5.0,-26.0,original,
265,f0197,foto,Cumplicidades,82-32.JPG,3.7,0.7,970.65,974.35,3.0,2.3,Zoom in,,5.0,-26.0,lanczos,
266,f0210,foto,Cumplicidades,82-9.jpg,4.31,0.7,973.65,977.97,3.61,2.91,Zoom in,,6.0,-28.1,lanczos,
267,f0196,foto,Cumplicidades,82-31.JPG,3.7,0.7,977.27,980.97,3.0,2.3,Zoom in,,5.0,-26.0,original,
268,f0201,foto,Cumplicidades,82-41.JPG,3.7,0.7,980.27,983.97,3.0,2.3,Zoom in,,5.0,-26.0,original,
269,f0209,foto,Cumplicidades,82-7.jpg,3.7,0.7,983.27,986.97,3.0,2.3,Zoom in,,5.0,-26.0,original,
270,f0035,foto,Cumplicidades,182-73.JPG,3.7,0.7,986.27,989.97,3.0,2.3,Zoom in,,5.0,-26.0,lanczos,
271,f0037,foto,Cumplicidades,182-76.JPG,3.7,0.7,989.27,992.97,3.0,2.3,Zoom in,,5.0,-26.0,original,
272,f0208,foto,Cumplicidades,82-6.jpg,3.7,0.7,992.27,995.97,3.0,2.3,Zoom in,,5.0,-26.0,original,
273,f0276,foto,Cumplicidades,IMG_4490 (3).jpg,3.7,0.7,995.27,998.97,3.0,2.3,Zoom in,,5.0,-26.0,original,
274,f0271,foto,Cumplicidades,IMG_4277 (3) (1).jpg,3.7,0.7,998.27,1001.97,3.0,2.3,Zoom in,,5.0,-26.0,original,
275,f0193,foto,Cumplicidades,82-25- -2022.JPG,3.7,0.7,1001.27,1004.97,3.0,2.3,Zoom in,,5.0,-26.0,lanczos,
276,f0198,foto,Cumplicidades,82-36.JPG,3.7,0.7,1004.27,1007.97,3.0,2.3,Zoom in,,5.0,-26.0,original,
277,f0202,foto,Cumplicidades,82-43.JPG,3.7,0.7,1007.27,1010.97,3.0,2.3,Zoom in,,5.0,-26.0,lanczos,
278,f0207,foto,Cumplicidades,82-59.JPG,3.7,0.7,1010.27,1013.97,3.0,2.3,Zoom in,,5.0,-26.0,original,
279,f0036,foto,Cumplicidades,182-74.JPG,3.7,0.7,1013.27,1016.97,3.0,2.3,Zoom in,,5.0,-26.0,original,
280,f0243,foto,Cumplicidades,DSC00075.JPG,4.31,0.7,1016.27,1020.58,3.61,2.91,Zoom in,,6.0,-28.1,original,
281,f0275,foto,Cumplicidades,IMG_4490 (16).jpg,3.7,0.7,1019.88,1023.58,3.0,2.3,Zoom in,,5.0,-26.0,original,
282,f0273,foto,Cumplicidades,IMG_4425.JPG,4.31,0.7,1022.88,1027.19,3.61,2.91,Zoom in,,6.0,-28.1,lanczos,
283,f0205,foto,Cumplicidades,82-50.JPG,5.53,0.7,1026.49,1032.02,4.83,4.13,Zoom in,"-És uma workaholic, não és? -Agora não posso responder,   tenho que mandar um e-mail de   trabalho!",8.0,-30.8,original,
284,f0252,foto,Cumplicidades,Fotos Joana (69).JPG,6.76,0.7,1031.32,1038.08,6.06,5.36,Zoom in,Festa  dos  18 anos  da  Clara,10.0,-32.4,original,
285,f0249,foto,Cumplicidades,DSC_7700.JPG,6.15,0.7,1037.38,1043.52,5.45,4.75,Nenhum,Na festa dos 18 anos do Henrique,9.0,-31.7,original,
286,f0019,foto,Cumplicidades,1021.jpg,6.76,0.7,1042.82,1049.58,6.06,5.36,Zoom in,"Festa de aniversário da Clara, estava  a festa a decorrer e ela saiu porque  tinha de ir a Lisboa, em trabalho.",10.0,-32.4,lanczos,
287,f0018,foto,Cumplicidades,1021-1.jpg,6.15,0.7,1048.88,1055.02,5.45,4.75,Zoom in,"Os lenços brancos da despedida, depois  de ter abandonado os convidados...",9.0,-31.7,IA,
288,f0283,foto,Cumplicidades,IMG_6442.JPG,4.31,0.7,1054.32,1058.64,3.61,2.91,Zoom in,"Com o Henrique, em Barcelona.",6.0,-28.1,original,
289,f0051,foto,Cumplicidades,20250608_224334 - Cópia.jpg,4.31,0.7,1057.94,1062.25,3.61,2.91,Zoom in,Jogo do Campeonato  da Europa,6.0,-28.1,lanczos,
290,f0020,foto,Cumplicidades,1031.JPG,6.15,0.7,1061.55,1067.69,5.45,4.75,Zoom in,No Santuário do Bom Jesus de Braga,9.0,-31.7,original,
291,f0052,foto,Cumplicidades,20260101_011410.jpg,6.76,0.7,1066.99,1073.75,6.06,5.36,Zoom in,"Primeiros minutos de 2026, quando foi  anunciado o noivado.",10.0,-32.4,original,
292,f0053,foto,Cumplicidades,20260101_011607.jpg,4.92,0.7,1073.05,1077.97,4.22,3.52,Zoom in,,7.0,-29.7,original,
293,f0260,foto,Cumplicidades,IMG_2067.jpeg,3.7,0.7,1077.27,1080.97,3.0,2.3,Zoom in,,4.0,-7.5,original,
294,f0304,foto,Cumplicidades,WhatsApp Image 2026-08-21 at 16.10.19.jpeg,4.92,0.7,1080.27,1085.19,4.22,3.52,Zoom in,"Voo de despedida de solteira, deixaram- na sonhar com uma condução a sério.",7.0,-29.7,lanczos,
295,f0305,foto,Cumplicidades,WhatsApp Image 2026-08-22 at 11.12.02.jpeg,3.7,0.7,1084.49,1088.19,3.0,2.3,Zoom in,,5.0,-26.0,lanczos,
296,f0302,foto,Cumplicidades,WhatsApp Image 2026-03-01 at 13.30.02.jpeg,8.28,0.7,1087.49,1095.78,7.58,6.88,Nenhum,,12.5,-33.7,lanczos,
297,,cartao,The End,,4.92,0.7,1095.08,1100.0,4.22,3.52,,The End (To be continued...),7.0,-29.7,,
