ordem,id,tipo,seccao,ficheiro,duracao_s,transicao_s,inicio_s,fim_s,dominante_s,solo_s,movimento,texto_ecra,tratamento,duracao_original_s,variacao_pct,fonte_imagem,nota
1,,video,Fanfarra,20th Century Fox   Abertura Clássic.mp4,20.37,0.0,0.0,20.37,20.37,20.37,,,fiel,20.371,0.0,,"fanfarra, fica inteira"
2,,cartao,Fanfarra,,4.03,0.7,19.67,23.7,3.33,2.63,,A História de Clara e Tiago,fiel,7.0,-42.4,,
3,,cartao,Clara,,3.7,0.7,23.0,26.7,3.0,2.3,,Clara,fiel,5.0,-26.0,,
4,,cartao,Clara,,3.87,0.7,26.0,29.87,3.17,2.47,,Era uma vez uma  menina que nasceu no  ano da graça de 1995,fiel,6.0,-35.5,,
5,f0012,foto,Clara,1 (2).jpg,4.03,0.7,29.17,33.2,3.33,2.63,Zoom in,"Era clara,  e como  já estava  vaticinado, chamar-se-ia  Clara.",fundo,7.0,-42.4,,
6,f0041,foto,Clara,2.jpg,3.87,0.7,32.5,36.37,3.17,2.47,Zoom in,Era muito bem disposta...,fiel,6.0,-35.5,,
7,,cartao,,,4.2,0.7,35.67,39.87,3.5,2.8,,"Era uma vez um menino loiro, de olhos azuis, que tambem nasceu em 1995",fiel,,,,"encadeamento 8: Os dois cartoes de 1995, encostados"
8,f0103,foto,,21-46.jpg,4.2,0.7,39.17,43.37,3.5,2.8,Zoom in,Foi o segundo filho,fundo,,,,"encadeamento 8: Os dois cartoes de 1995, encostados"
9,f0351,foto,,1996_tiago_e_irmao_mais_velho.jpg,4.2,0.7,42.67,46.87,3.5,2.8,Zoom in,Com o irmao mais velho,fiel,,,,"encadeamento 8: Os dois cartoes de 1995, encostados"
10,,cartao,,,3.2,0.7,46.17,49.37,2.5,1.8,,E ela,fiel,,,,"encadeamento 8: Os dois cartoes de 1995, encostados"
11,f0169,foto,Clara,5 (2).jpg,3.87,0.7,48.67,52.54,3.17,2.47,Zoom in,,fiel,6.0,-35.5,,
12,f0172,foto,Clara,6.jpg,3.7,0.7,51.84,55.54,3.0,2.3,Zoom in,Muito curiosa...,fundo,5.0,-26.0,,
13,f0170,foto,Clara,5-3.jpg,4.03,0.7,54.84,58.87,3.33,2.63,Zoom in,"Muito  rebelde...  (Dizia  ""não se  mexe"",  e  mexia...)",fundo,7.0,-42.4,,
14,f0175,foto,Clara,7.jpg,3.7,0.7,58.17,61.87,3.0,2.3,Zoom in,Muito irrequieta...,fundo,5.0,-26.0,,
15,f0230,foto,Clara,9-25.jpg,3.87,0.7,61.17,65.04,3.17,2.47,Zoom in,Gostava  dos  bichinhos  todos,fundo,6.0,-35.5,,
16,f0174,foto,Clara,7-1.jpg,3.87,0.7,64.34,68.21,3.17,2.47,Zoom in,Clarinha  e  as  pombas,fundo,6.0,-35.5,,
17,f0186,foto,Clara,8.jpg,3.87,0.7,67.51,71.38,3.17,2.47,Zoom in,"Era endiabrada, mas também encantadora.",fiel,6.0,-35.5,,
18,f0176,foto,Clara,8-1.jpg,3.7,0.7,70.68,74.38,3.0,2.3,Zoom in,,fundo,5.0,-26.0,,
19,f0177,foto,Clara,8-3.jpg,3.87,0.7,73.68,77.55,3.17,2.47,Zoom in,E clarividente,fundo,6.0,-35.5,,
20,f0179,foto,Clara,8-5.jpg,4.03,0.7,76.85,80.88,3.33,2.63,Zoom in,Desde muito cedo criou uma  grande empatia com colegas e amigos,fundo,7.0,-42.4,,
21,f0180,foto,Clara,8-6.jpg,4.95,0.7,80.18,85.13,4.25,3.55,Nenhum,E logo ganhou um Clube de Fãs,fiel,12.5,-60.4,,
22,f0181,foto,Clara,8-7.jpg,4.95,0.7,84.43,89.38,4.25,3.55,Nenhum,Inspirou figuras de estilo...,fiel,12.5,-60.4,,
23,f0182,foto,Clara,8-8.jpg,4.03,0.7,88.68,92.71,3.33,2.63,Nenhum,Repetições e aliterações...,fiel,7.0,-42.4,,
24,f0185,foto,Clara,8-9.jpg,4.03,0.7,92.01,96.04,3.33,2.63,Zoom in,Conotações...,fiel,7.0,-42.4,,
25,f0183,foto,Clara,8-9-1.jpg,4.37,0.7,95.34,99.71,3.67,2.97,Zoom in,Metáforas e hipérboles...,fiel,9.0,-51.5,,
26,f0184,foto,Clara,8-9-2.jpg,4.2,0.7,99.01,103.21,3.5,2.8,Zoom in,"Aos 8 anos recebeu o primeiro pedido de  casamento, uma aliança feita de  uma argola de porta-chaves...",fundo,8.0,-47.5,,
27,f0236,foto,Clara,9.1.jpg,3.87,0.7,102.51,106.38,3.17,2.47,Zoom in,Já usou um  penteado à  Emma Watson,fundo,6.0,-35.5,,
28,f0237,foto,Clara,9.4.JPG,3.7,0.7,105.68,109.38,3.0,2.3,Zoom in,Aos 16 anos,fiel,5.0,-26.0,,
29,f0235,foto,Clara,9-5.JPG,3.7,0.7,108.68,112.38,3.0,2.3,Zoom in,,fiel,5.0,-26.0,,
30,f0221,foto,Clara,9-2.jpg,3.87,0.7,111.68,115.55,3.17,2.47,Zoom in,Aos 18 anos,fiel,6.0,-35.5,,
31,f0213,foto,Clara,9-14.JPG,3.87,0.7,114.85,118.72,3.17,2.47,Zoom in,Foi sempre irreverente...,fiel,6.0,-35.5,,
32,f0039,foto,Clara,19-1.JPG,3.7,0.7,118.02,121.72,3.0,2.3,Zoom in,,fundo,5.0,-26.0,,
33,f0040,foto,Clara,19-2.JPG,4.03,0.7,121.02,125.05,3.33,2.63,Zoom in,E comunicativa (No Rock in Rio Lisboa),fiel,7.0,-42.4,,
34,f0211,foto,Clara,9-12.JPG,4.37,0.7,124.35,128.72,3.67,2.97,Zoom in,Colaborando com uma  estátua viva  em Barcelona,fundo,9.0,-51.5,,
35,f0212,foto,Clara,9-13.JPG,3.7,0.7,128.02,131.72,3.0,2.3,Zoom in,,fundo,5.0,-26.0,,
36,f0217,foto,Clara,9-15.JPG,4.54,0.7,131.02,135.56,3.84,3.14,Zoom in,"Com um vendedor de artesanato no vulcão Etna  (Sicília). ""Chiara, siediti qui per una foto.""",fiel,10.0,-54.6,,
37,f0214,foto,Clara,9-15-1.JPG,3.87,0.7,134.86,138.73,3.17,2.47,Zoom in,"Com o Miguel Araújo, na Feira do Livro.",fiel,6.0,-35.5,,
38,f0215,foto,Clara,9-15-2.jpg,3.87,0.7,138.03,141.9,3.17,2.47,Zoom in,Numa Ação de  Voluntariado  Morais Leitão,fiel,6.0,-35.5,,
39,f0216,foto,Clara,9-15-4.jpg,4.54,0.7,141.2,145.74,3.84,3.14,Nenhum,Orgulhosa do primeiro automóvel. Com ele    iria ganhar... algumas multas por excesso                                                      de  velocidade...,fiel,10.0,-54.6,,
40,f0218,foto,Clara,9-16.JPG,4.03,0.7,145.04,149.07,3.33,2.63,Zoom in,Eterna fã do Harry Potter (Local de filmagens em  Londres)...,fundo,7.0,-42.4,,
41,f0219,foto,Clara,9-17.JPG,4.03,0.7,148.37,152.4,3.33,2.63,Zoom in,"Do ""Game of Thrones"". (Local de  filmagens na Croácia)...",fundo,7.0,-42.4,,
42,f0220,foto,Clara,9-18.JPG,3.87,0.7,151.7,155.57,3.17,2.47,Zoom in,E de futebolistas...,fundo,6.0,-35.5,,
43,f0222,foto,Clara,9-23.JPG,3.7,0.7,154.87,158.57,3.0,2.3,Zoom in,Gosta de festas...,fiel,5.0,-26.0,,
44,f0229,foto,Clara,9-24.JPG,3.7,0.7,157.87,161.57,3.0,2.3,Zoom in,,fundo,5.0,-26.0,,
45,f0223,foto,Clara,9-24-1.JPG,3.7,0.7,160.87,164.57,3.0,2.3,Zoom in,E de convívios,fundo,5.0,-26.0,,
46,f0225,foto,Clara,9-24-4.jpeg,3.87,0.7,163.87,167.74,3.17,2.47,Zoom in,Gosta de  futebol  e  adora  o FCP,fundo,6.0,-35.5,,
47,f0226,foto,Clara,9-24-5.JPG,4.03,0.7,167.04,171.07,3.33,2.63,Zoom in,Quando lhe  dizem  que o FCP  vai perder...,fiel,7.0,-42.4,,
48,f0054,foto,Clara,20260623_201228.jpg,3.78,0.7,170.37,174.15,3.08,2.38,Zoom in,No Mundial  de futebol  2026,fundo,5.5,-31.2,,
49,f0298,foto,Clara,Scanner_20260814.jpg,3.87,0.7,173.45,177.32,3.17,2.47,Zoom in,É desde sempre  apaixonada por cães,fiel,6.0,-35.5,,
50,f0231,foto,Clara,9-26.JPG,3.7,0.7,176.62,180.32,3.0,2.3,Zoom in,Pelos dela...,fiel,5.0,-26.0,,
51,f0232,foto,Clara,9-27.JPG,3.7,0.7,179.62,183.32,3.0,2.3,Zoom in,,fiel,5.0,-26.0,,
52,f0233,foto,Clara,9-28.JPG,3.7,0.7,182.62,186.32,3.0,2.3,Zoom in,... E pelos dos outros.,fiel,5.0,-26.0,,
53,f0146,foto,,21-49-54.jpg,4.2,0.7,185.62,189.82,3.5,2.8,Zoom in,"E o Tiago, com a Sky",fiel,,,,"encadeamento 1: Os caes dela, o cao dele, a cadela dos dois"
54,f0354,foto,,2014_Clara_Tiago_Praia_Mia_cadela_clara.jpg,5.5,0.7,189.12,194.62,4.8,4.1,Zoom in,"2014, os dois com a Mia",fiel,,,,"encadeamento 1: Os caes dela, o cao dele, a cadela dos dois"
55,f0234,foto,Clara,9-29.JPG,3.87,0.7,193.92,197.79,3.17,2.47,Zoom in,,fiel,6.0,-35.5,,
56,f0042,foto,Clara,20-1.jpg,3.87,0.7,197.09,200.96,3.17,2.47,Zoom in,Aprecia atividades  ao ar livre,fiel,6.0,-35.5,,
57,f0043,foto,Clara,20-2.JPG,3.7,0.7,200.26,203.96,3.0,2.3,Zoom in,"Velozes,  de preferência...",fiel,5.0,-26.0,,
58,f0044,foto,Clara,20-3.JPG,4.03,0.7,203.26,207.29,3.33,2.63,Nenhum,"Velozes,  de preferência...",fiel,7.0,-42.4,,
59,f0045,foto,Clara,20-4.png,4.03,0.7,206.59,210.62,3.33,2.63,Nenhum,... E com adrenalina...,fiel,7.0,-42.4,,
60,f0067,foto,Clara,21-2.jpg,3.87,0.7,209.92,213.79,3.17,2.47,Zoom in,"Não gosta de perder, nem a feijões. Preparando-se para fazer um strike...",fiel,6.0,-35.5,,
61,f0077,foto,Clara,21-3.jpg,4.03,0.7,213.09,217.12,3.33,2.63,Zoom in,Sem medos...,fiel,7.0,-42.4,,
62,f0083,foto,Clara,21-4.JPG,4.03,0.7,216.42,220.45,3.33,2.63,Zoom in,Sem comentários...,fiel,7.0,-42.4,,
63,f0046,foto,Clara,20.JPG,3.7,0.7,219.75,223.45,3.0,2.3,Zoom in,Cena de filme à Marilyn Monroe,fundo,5.0,-26.0,,
64,f0154,foto,Clara,21-5.JPG,4.62,0.7,222.75,227.37,3.92,3.22,Zoom in,"Mas nem tudo é diversão. Estudando na véspera  do exame de Físico- -Química, na festa da  Comunhão da Irene...",fiel,10.5,-56.0,,
65,f0159,foto,Clara,21-6.jpg,4.03,0.7,226.67,230.7,3.33,2.63,Zoom in,"Praxe. A alcunha de  Caloira era ""Rapunzel  Sabichónis"".",fundo,7.0,-42.4,,
66,f0161,foto,Clara,21-7.JPG,4.03,0.7,230.0,234.03,3.33,2.63,Zoom in,Cortejo da Queima das Fitas 2017.  Onde está a Wally?,fiel,7.0,-42.4,,
67,f0163,foto,Clara,21-9.JPG,4.37,0.7,233.33,237.7,3.67,2.97,Zoom in,Em 2018 foi eleita para representar a  Faculdade na competição  Moot Court Direito da Concorrência,fiel,9.0,-51.5,,
68,f0056,foto,Clara,21-10.JPG,4.2,0.7,237.0,241.2,3.5,2.8,Zoom in,E ganhou o Prémio de Melhor Oradora  pela FDUP,fiel,8.0,-47.5,,
69,f0284,foto,Clara,IMG_7790.JPG,3.7,0.7,240.5,244.2,3.0,2.3,Zoom in,Finalista de Direito,fundo,5.0,-26.0,,
70,f0060,foto,Clara,21-11.jpeg,4.03,0.7,243.5,247.53,3.33,2.63,Zoom in,"Passeios. O verbo ""ir""  é o que  melhor sabe  conjugar.",fundo,7.0,-42.4,,
71,f0057,foto,Clara,21-11-1.JPG,3.7,0.7,246.83,250.53,3.0,2.3,Zoom in,Em Serralves,fiel,5.0,-26.0,,
72,f0058,foto,Clara,21-11-2.JPG,3.7,0.7,249.83,253.53,3.0,2.3,Zoom in,Em Sintra,fiel,5.0,-26.0,,
73,f0059,foto,Clara,21-11-3.jpg,3.7,0.7,252.83,256.53,3.0,2.3,Zoom in,Em Setúbal,fiel,5.0,-26.0,,
74,f0061,foto,Clara,21-12.JPG,3.7,0.7,255.83,259.53,3.0,2.3,Zoom in,Nos Açores,fiel,5.0,-26.0,,
75,f0062,foto,Clara,21-13.JPG,3.7,0.7,258.83,262.53,3.0,2.3,Zoom in,,fiel,5.0,-26.0,,
76,f0063,foto,Clara,21-15.JPG,3.7,0.7,261.83,265.53,3.0,2.3,Zoom in,Na Croácia,fiel,5.0,-26.0,,
77,f0064,foto,Clara,21-16.JPG,3.7,0.7,264.83,268.53,3.0,2.3,Zoom in,Na Croácia,fundo,5.0,-26.0,,
78,f0079,foto,Clara,21-31.jpg,3.7,0.7,267.83,271.53,3.0,2.3,Zoom in,,fiel,5.0,-26.0,,
79,f0078,foto,Clara,21-30.JPG,3.7,0.7,270.83,274.53,3.0,2.3,Zoom in,Em Bruges,fiel,5.0,-26.0,,
80,f0065,foto,Clara,21-17.JPG,3.87,0.7,273.83,277.7,3.17,2.47,Zoom in,No Parlamento de Budapeste,fiel,6.0,-35.5,,
81,f0066,foto,Clara,21-18.JPG,3.7,0.7,277.0,280.7,3.0,2.3,Zoom in,Na Sicília. Siracusa;,fiel,5.0,-26.0,,
82,f0076,foto,Clara,21-29.jpeg,3.87,0.7,280.0,283.87,3.17,2.47,Zoom in,Em Taormina,fiel,6.0,-35.5,,
83,f0068,foto,Clara,21-20.JPG,3.87,0.7,283.17,287.04,3.17,2.47,Zoom in,Na Alemanha.  Em Dinkelsbuhl;,fiel,6.0,-35.5,,
84,f0072,foto,Clara,21-24.jpeg,4.03,0.7,286.34,290.37,3.33,2.63,Zoom in,Em Wurzburg (Ponte Alte Mainbrucke);,fiel,7.0,-42.4,,
85,f0070,foto,Clara,21-22.jpeg,4.03,0.7,289.67,293.7,3.33,2.63,Zoom in,"Em Schwangau,  contemplando o Castelo de  Neuschwanstein;",fiel,7.0,-42.4,,
86,f0272,foto,Clara,IMG_4362.JPG,3.7,0.7,293.0,296.7,3.0,2.3,Zoom in,Em Frankfurt,fiel,5.0,-26.0,,
87,f0069,foto,Clara,21-21.JPG,3.7,0.7,296.0,299.7,3.0,2.3,Zoom in,Em Bratislava,fundo,5.0,-26.0,,
88,f0073,foto,Clara,21-25.JPG,3.7,0.7,299.0,302.7,3.0,2.3,Zoom in,"Em Roma, espelho de rua.",fiel,5.0,-26.0,,
89,f0071,foto,Clara,21-23.jpg,4.37,0.7,302.0,306.37,3.67,2.97,Nenhum,Na Fontana  di Trevi. A Anita  Ekberg  portuguesa  do filme La  Dolce Vita.,fundo,9.0,-51.5,,
90,f0074,foto,Clara,21-26.JPG,3.7,0.7,305.67,309.37,3.0,2.3,Zoom in,Em Florença,fiel,5.0,-26.0,,
91,f0075,foto,Clara,21-28.jpeg,3.7,0.7,308.67,312.37,3.0,2.3,Zoom in,Em Londres,fundo,5.0,-26.0,,
92,f0080,foto,Clara,21-32.jpg,3.7,0.7,311.67,315.37,3.0,2.3,Zoom in,Em Nova York,fundo,5.0,-26.0,,
93,f0268,foto,Clara,IMG_3835.jpg,4.2,0.7,314.67,318.87,3.5,2.8,Zoom in,"Em Lanzarote, com Pilar del Río.",fiel,8.0,-47.5,,
94,f0228,foto,Clara,9-24-8.JPG,4.03,0.7,318.17,322.2,3.33,2.63,Zoom in,"Passeia muito, mas está sempre  conectada com o mundo do trabalho.",fiel,7.0,-42.4,,
95,f0227,foto,Clara,9-24-7.JPG,4.03,0.7,321.5,325.53,3.33,2.63,Zoom in,"Numa viagem de comboio, em férias.",fiel,7.0,-42.4,,
96,f0274,foto,Clara,IMG_4477.JPG,4.03,0.7,324.83,328.86,3.33,2.63,Zoom in,"Férias 2026, nas ilhas também  se costuma trabalhar bem...",fiel,7.0,-42.4,,
97,f0081,foto,Clara,21-38.jpg,0.45,0.0,328.86,329.31,0.45,0.45,Nenhum,Caminhadas pelo Parque das  Serras do Porto,rajada,5.0,-91.0,,
98,f0082,foto,Clara,21-39.jpg,0.45,0.0,329.31,329.76,0.45,0.45,Nenhum,,rajada,5.0,-91.0,,
99,f0085,foto,Clara,21-41.JPG,0.45,0.0,329.76,330.21,0.45,0.45,Nenhum,,rajada,5.0,-91.0,,
100,f0086,foto,Clara,21-42.JPG,0.45,0.0,330.21,330.66,0.45,0.45,Nenhum,,rajada,5.0,-91.0,,
101,f0087,foto,Clara,21-43.JPG,0.45,0.0,330.66,331.11,0.45,0.45,Nenhum,,rajada,5.0,-91.0,,
102,f0088,foto,Clara,21-44.JPG,0.45,0.0,331.11,331.56,0.45,0.45,Nenhum,,rajada,5.0,-91.0,,
103,f0102,foto,Clara,21-45.JPG,0.45,0.0,331.56,332.01,0.45,0.45,Nenhum,,rajada,5.0,-91.0,,
104,f0224,foto,Clara,9-24-2.JPG,0.45,0.0,332.01,332.46,0.45,0.45,Nenhum,,rajada,5.0,-91.0,,
105,,cartao,Familia,,3.7,0.7,331.76,335.46,3.0,2.3,,Família,fiel,5.0,-26.0,,
106,f0013,foto,Familia,10-1 (2).jpg,4.03,0.7,334.76,338.79,3.33,2.63,Nenhum,Com o pai. Era pequenina  e já lhe dava ouras...,fiel,7.0,-42.4,,"corrida duvidosa: relacao mas repetitiva, decidir se vai a rajada"
107,f0014,foto,Familia,10-2.jpg,3.7,0.7,338.09,341.79,3.0,2.3,Zoom in,,fiel,5.0,-26.0,,"corrida duvidosa: relacao mas repetitiva, decidir se vai a rajada"
108,f0016,foto,Familia,10-4.jpg,3.7,0.7,341.09,344.79,3.0,2.3,Zoom in,,fiel,5.0,-26.0,,"corrida duvidosa: relacao mas repetitiva, decidir se vai a rajada"
109,f0015,foto,Familia,10-3.jpg,3.7,0.7,344.09,347.79,3.0,2.3,Nenhum,,fundo,5.0,-26.0,,"corrida duvidosa: relacao mas repetitiva, decidir se vai a rajada"
110,f0017,foto,Familia,10-5.JPG,4.03,0.7,347.09,351.12,3.33,2.63,Zoom in,"""Pai, põe a mochila, depois levas o skate...""",fiel,7.0,-42.4,,
111,f0033,foto,Familia,11.jpg,3.7,0.7,350.42,354.12,3.0,2.3,Zoom in,Com a mãe,fiel,5.0,-26.0,,
112,f0173,foto,Familia,69916331_2555139434539758_2920736718019624960_n.jpg,3.87,0.7,353.42,357.29,3.17,2.47,Zoom in,,fiel,6.0,-35.5,,
113,f0027,foto,Familia,11-4.JPG,3.7,0.7,356.59,360.29,3.0,2.3,Zoom in,Com o Henrique (o mano),fiel,5.0,-26.0,,"corrida duvidosa: relacao mas repetitiva, decidir se vai a rajada"
114,f0028,foto,Familia,11-5.jpg,3.87,0.7,359.59,363.46,3.17,2.47,Zoom in,Com o Henrique (o mano),fiel,6.0,-35.5,,"corrida duvidosa: relacao mas repetitiva, decidir se vai a rajada"
115,f0029,foto,Familia,11-6.jpg,3.7,0.7,362.76,366.46,3.0,2.3,Zoom in,,fundo,5.0,-26.0,,"corrida duvidosa: relacao mas repetitiva, decidir se vai a rajada"
116,f0030,foto,Familia,11-7.jpg,3.7,0.7,365.76,369.46,3.0,2.3,Zoom in,,fundo,5.0,-26.0,,"corrida duvidosa: relacao mas repetitiva, decidir se vai a rajada"
117,f0031,foto,Familia,11-8.jpg,3.7,0.7,368.76,372.46,3.0,2.3,Zoom in,,fundo,5.0,-26.0,,"corrida duvidosa: relacao mas repetitiva, decidir se vai a rajada"
118,f0032,foto,Familia,11-9.jpg,3.87,0.7,371.76,375.63,3.17,2.47,Zoom in,,fiel,6.0,-35.5,,"corrida duvidosa: relacao mas repetitiva, decidir se vai a rajada"
119,f0021,foto,Familia,11-10.JPG,3.7,0.7,374.93,378.63,3.0,2.3,Zoom in,,fiel,5.0,-26.0,,"corrida duvidosa: relacao mas repetitiva, decidir se vai a rajada"
120,f0022,foto,Familia,11-12.JPG,4.95,0.7,377.93,382.88,4.25,3.55,Nenhum,"Em Viena:   -Estas sobremesas são bem instagramáveis!   -Demoramos menos tempo a comê-las, do que a         fotografá-las...",fiel,12.5,-60.4,,
121,f0023,foto,Familia,11-13.jpg,4.37,0.7,382.18,386.55,3.67,2.97,Zoom in,"-Clara, gostas dessa    canção do Ed Sheeran? -Gosto! -Então não a estragues...",fiel,9.0,-51.5,,
122,f0270,foto,Familia,IMG_4224.JPG,4.37,0.7,385.85,390.22,3.67,2.97,Nenhum,"O pai: -Clara, já vais outra vez em excesso                             de velocidade! O irmão: -Ela é uma Fora-da-Lei...",fiel,9.0,-51.5,,
123,f0024,foto,Familia,11-14.jpg,4.03,0.7,389.52,393.55,3.33,2.63,Zoom in,Com o mano  e a mãe,fiel,7.0,-42.4,,
124,f0025,foto,Familia,11-15.jpg,3.7,0.7,392.85,396.55,3.0,2.3,Zoom in,,fundo,5.0,-26.0,,
125,f0026,foto,Familia,11-20.jpg,4.03,0.7,395.85,399.88,3.33,2.63,Zoom in,E com o pai,fiel,7.0,-42.4,,
126,f0095,foto,Familia,21-45-2.jpg,4.03,0.7,399.18,403.21,3.33,2.63,Zoom in,Com os padrinhos de batismo  e de casamento,fiel,7.0,-42.4,,
127,f0097,foto,Familia,21-45-4.jpg,4.54,0.7,402.51,407.05,3.84,3.14,Nenhum,Com a família materna,fiel,10.0,-54.6,,
128,f0098,foto,Familia,21-45-5.JPG,4.54,0.7,406.35,410.89,3.84,3.14,Nenhum,,fiel,10.0,-54.6,,
129,f0096,foto,Familia,21-45-3.JPG,4.03,0.7,410.19,414.22,3.33,2.63,Zoom in,,fiel,7.0,-42.4,,
130,f0099,foto,Familia,21-45-6.jpg,4.54,0.7,413.52,418.06,3.84,3.14,Nenhum,Com a família paterna,fiel,10.0,-54.6,,
131,f0100,foto,Familia,21-45-8.jpg,4.54,0.7,417.36,421.9,3.84,3.14,Zoom in,No casamento do primo Filipe,fiel,10.0,-54.6,,
132,f0101,foto,Familia,21-45-9.jpg,4.54,0.7,421.2,425.74,3.84,3.14,Zoom in,No 99.º Aniversário da avó  Maria dos Anjos,fiel,10.0,-54.6,,
133,,cartao,Amigos e colegas,,3.7,0.7,425.04,428.74,3.0,2.3,,Amigos e colegas,fiel,5.0,-26.0,,
134,f0299,foto,Amigos e colegas,WhatsApp Image 2021-11-15 at 18.54.22.jpeg,3.87,0.7,428.04,431.91,3.17,2.47,Nenhum,Com amigos da Secundária...,fiel,6.0,-35.5,,
135,f0332,foto,,2011_Tiago_e_clara_aniversario_CLARA_POUCO_ANTES_DE_COMEÇAR_A_NAMORAR.jpg,4.6,0.7,431.21,435.81,3.9,3.2,Zoom in,"2011, antes de namorarem",fiel,,,,encadeamento 7: Os amigos do secundario ja eram os mesmos
136,f0335,foto,,2013_Tiago_Na_latada_da_Clara_amigos secundario.jpg,4.2,0.7,435.11,439.31,3.5,2.8,Zoom in,"2013, na latada dela",fiel,,,,encadeamento 7: Os amigos do secundario ja eram os mesmos
137,f0336,foto,,2015_CLARA_TIAGO_AMIGOS_SECUNDARIO.jpg,4.2,0.7,438.61,442.81,3.5,2.8,Zoom in,2015,fiel,,,,encadeamento 7: Os amigos do secundario ja eram os mesmos
138,f0340,foto,,2016_CLARA_TIAGO_AMIGOS_SECUNDARIO.jpg,4.2,0.7,442.11,446.31,3.5,2.8,Zoom in,2016,fiel,,,,encadeamento 7: Os amigos do secundario ja eram os mesmos
139,f0245,foto,Amigos e colegas,DSC02999.JPG,3.7,0.7,445.61,449.31,3.0,2.3,Zoom in,,fundo,5.0,-26.0,,
140,f0290,foto,Amigos e colegas,IMG_9013.JPG,3.87,0.7,448.61,452.48,3.17,2.47,Zoom in,E da Faculdade,fundo,6.0,-35.5,,
141,f0055,foto,Amigos e colegas,21-1.JPG,3.87,0.7,451.78,455.65,3.17,2.47,Zoom in,Com as amigas de sempre,fundo,6.0,-35.5,,
142,f0089,foto,Amigos e colegas,21-45-10.jpg,4.03,0.7,454.95,458.98,3.33,2.63,Nenhum,,fiel,7.0,-42.4,,
143,f0090,foto,Amigos e colegas,21-45-11.jpg,4.2,0.7,458.28,462.48,3.5,2.8,Nenhum,Farmácia vs Direito vs Bioquímica vs Engenharia,fiel,8.0,-47.5,,
144,,cartao,Colegas de trabalho (dela),,3.7,0.7,461.78,465.48,3.0,2.3,,Colegas de trabalho,fiel,5.0,-26.0,,
145,f0091,foto,Colegas de trabalho (dela),21-45-16.jpeg,0.45,0.0,465.48,465.93,0.45,0.45,Nenhum,,rajada,6.0,-92.5,,
146,f0047,foto,Colegas de trabalho (dela),200_ML_FestaNatal2022.jpg,0.45,0.0,465.93,466.38,0.45,0.45,Nenhum,,rajada,6.0,-92.5,,
147,f0241,foto,Colegas de trabalho (dela),content.jpg,0.45,0.0,466.38,466.83,0.45,0.45,Nenhum,,rajada,5.0,-91.0,,
148,f0242,foto,Colegas de trabalho (dela),content5.jpg,0.45,0.0,466.83,467.28,0.45,0.45,Nenhum,,rajada,5.0,-91.0,,
149,f0168,foto,Colegas de trabalho (dela),499_ML_FestaNatal2024.jpg,0.45,0.0,467.28,467.73,0.45,0.45,Nenhum,,rajada,6.0,-92.5,,
150,f0259,foto,Colegas de trabalho (dela),IMG_1475.jpeg,0.45,0.0,467.73,468.18,0.45,0.45,Nenhum,,rajada,5.0,-91.0,,
151,f0092,foto,Colegas de trabalho (dela),21-45-17.jpeg,4.03,0.7,467.48,471.51,3.33,2.63,Nenhum,A  verdadeira  Claque do FCP,fundo,7.0,-42.4,,
152,f0093,foto,Colegas de trabalho (dela),21-45-18.jpeg,4.03,0.7,470.81,474.84,3.33,2.63,Zoom in,A  verdadeira  Claque do FCP,fundo,7.0,-42.4,,
153,f0262,foto,Colegas de trabalho (dela),IMG_2601.jpeg,3.87,0.7,474.14,478.01,3.17,2.47,Zoom in,,fiel,6.0,-35.5,,
154,f0300,foto,Colegas de trabalho (dela),WhatsApp Image 2025-10-10 at 14.45.56 (1).jpeg,3.7,0.7,477.31,481.01,3.0,2.3,Zoom in,A Task Force  de Corporate,fundo,5.0,-26.0,,
155,f0301,foto,Colegas de trabalho (dela),WhatsApp Image 2025-10-10 at 14.45.56.jpeg,3.7,0.7,480.31,484.01,3.0,2.3,Zoom in,,fundo,5.0,-26.0,,
156,f0285,foto,Colegas de trabalho (dela),IMG_7886.jpeg,3.7,0.7,483.31,487.01,3.0,2.3,Nenhum,Hora de almoço,fiel,5.0,-26.0,,
157,f0094,foto,Colegas de trabalho (dela),21-45-19.jpg,3.7,0.7,486.31,490.01,3.0,2.3,Zoom in,Com a Inês,fiel,5.0,-26.0,,
158,f0167,foto,Colegas de trabalho (dela),448_ML_FestaNatal2024.jpg,3.7,0.7,489.31,493.01,3.0,2.3,Zoom in,Com a Francisca,fiel,5.0,-26.0,,
159,f0240,foto,Colegas de trabalho (dela),b0773331-cf53-4b1c-bb33-9cbe08cb4031.jpeg,3.7,0.7,492.31,496.01,3.0,2.3,Zoom in,,fundo,4.0,-7.5,,
160,,cartao,Tiago,,4.03,0.7,495.31,499.34,3.33,2.63,,Tiago,fiel,7.0,-42.4,,
161,,cartao,Tiago,,4.37,0.7,498.64,503.01,3.67,2.97,,"Era uma vez  um menino loiro,  de olhos azuis, que também nasceu  em 1995.",fiel,9.0,-51.5,,
162,f0103,foto,Tiago,21-46.jpg,4.03,0.7,502.31,506.34,3.33,2.63,Zoom in,Foi o  segundo filho,fundo,7.0,-42.4,,
163,f0104,foto,Tiago,21-47.jpg,4.03,0.7,505.64,509.67,3.33,2.63,Zoom in,E era amoroso,fundo,7.0,-42.4,,
164,f0105,foto,Tiago,21-48.jpg,4.03,0.7,508.97,513.0,3.33,2.63,Zoom in,"Com a mãe, o mano e as primas.",fiel,7.0,-42.4,,
165,f0153,foto,Tiago,21-49.jpg,3.7,0.7,512.3,516.0,3.0,2.3,Zoom in,E com o pai,fiel,5.0,-26.0,,
166,f0115,foto,Tiago,21-49-2.jpg,3.7,0.7,515.3,519.0,3.0,2.3,Zoom in,Com a avó Orquídia,fundo,5.0,-26.0,,
167,f0125,foto,Tiago,21-49-3.jpg,3.87,0.7,518.3,522.17,3.17,2.47,Zoom in,Primeiro aniversário.  O pai faz anos no mesmo dia.,fiel,6.0,-35.5,,
168,f0134,foto,Tiago,21-49-4.jpg,3.7,0.7,521.47,525.17,3.0,2.3,Zoom in,Segundo aniversário,fiel,5.0,-26.0,,
169,f0107,foto,Tiago,21-49-11.jpg,3.7,0.7,524.47,528.17,3.0,2.3,Zoom in,Terceiro aniversário,fiel,5.0,-26.0,,
170,f0151,foto,Tiago,21-49-6.jpg,3.7,0.7,527.47,531.17,3.0,2.3,Zoom in,Em Portugal dos Pequeninos,fiel,5.0,-26.0,,
171,f0152,foto,Tiago,21-49-8.jpg,3.7,0.7,530.47,534.17,3.0,2.3,Zoom in,,fundo,5.0,-26.0,,
172,f0106,foto,Tiago,21-49-10.jpg,3.7,0.7,533.47,537.17,3.0,2.3,Zoom in,,fundo,5.0,-26.0,,
173,f0108,foto,Tiago,21-49-12.jpg,3.7,0.7,536.47,540.17,3.0,2.3,Zoom in,Adolescência,fundo,5.0,-26.0,,
174,f0109,foto,Tiago,21-49-13 - Cópia - Cópia.JPG,3.7,0.7,539.47,543.17,3.0,2.3,Nenhum,,fiel,5.0,-26.0,,
175,f0111,foto,Tiago,21-49-15.JPG,3.7,0.7,542.47,546.17,3.0,2.3,Zoom in,Adepto  do FCP,fundo,5.0,-26.0,,
176,f0113,foto,Tiago,21-49-18.JPG,3.7,0.7,545.47,549.17,3.0,2.3,Zoom in,Apreciador  de música,fundo,5.0,-26.0,,
177,f0117,foto,Tiago,21-49-21.JPG,3.7,0.7,548.47,552.17,3.0,2.3,Zoom in,,fiel,5.0,-26.0,,
178,f0116,foto,Tiago,21-49-20.JPG,4.03,0.7,551.47,555.5,3.33,2.63,Zoom in,De café...  (No Majestic),fiel,7.0,-42.4,,
179,f0280,foto,Tiago,IMG_4601(7).jpg,3.7,0.7,554.8,558.5,3.0,2.3,Zoom in,... De cerveja,fiel,5.0,-26.0,,
180,f0112,foto,Tiago,21-49-16.JPG,4.12,0.7,557.8,561.92,3.42,2.72,Zoom in,É um rapaz ponderado e cedo  aprendeu a fazer contas à vida  (quis ser Economista)...,fundo,7.5,-45.1,,
181,f0114,foto,Tiago,21-49-19.JPG,3.87,0.7,561.22,565.09,3.17,2.47,Zoom in,Mas é  o primeiro  a alinhar  nas brincadeiras,fiel,6.0,-35.5,,
182,f0296,foto,Tiago,Porto (10).JPG,3.7,0.7,564.39,568.09,3.0,2.3,Zoom in,,fiel,5.0,-26.0,,
183,f0126,foto,Tiago,21-49-30.JPG,3.87,0.7,567.39,571.26,3.17,2.47,Zoom in,Explicando  que o 1.º rei  de Portugal  não era  Afonso...,fundo,6.0,-35.5,,
184,f0127,foto,Tiago,21-49-31.JPG,0.45,0.0,571.26,571.71,0.45,0.45,Nenhum,Vendo o mundo de pernas p'ró ar,rajada,6.0,-92.5,,
185,f0128,foto,Tiago,21-49-32.JPG,0.45,0.0,571.71,572.16,0.45,0.45,Nenhum,,rajada,5.0,-91.0,,
186,f0132,foto,Tiago,21-49-38.JPG,0.45,0.0,572.16,572.61,0.45,0.45,Nenhum,,rajada,5.0,-91.0,,
187,f0306,foto,Tiago,WP_20150912_18_28_43_Pro.jpg,0.45,0.0,572.61,573.06,0.45,0.45,Nenhum,,rajada,4.0,-88.8,,
188,f0129,foto,Tiago,21-49-33.JPG,0.45,0.0,573.06,573.51,0.45,0.45,Nenhum,,rajada,5.0,-91.0,,
189,f0118,foto,Tiago,21-49-22.JPG,3.87,0.7,572.81,576.68,3.17,2.47,Zoom in,Com o irmão na praxe do... pai.,fiel,6.0,-35.5,,
190,f0119,foto,Tiago,21-49-23.JPG,3.87,0.7,575.98,579.85,3.17,2.47,Zoom in,Desejando boa sorte ao pai  Finalista,fiel,6.0,-35.5,,
191,f0120,foto,Tiago,21-49-24.JPG,3.7,0.7,579.15,582.85,3.0,2.3,Zoom in,Numa noite de chuva,fiel,5.0,-26.0,,
192,f0121,foto,Tiago,21-49-26.JPG,4.03,0.7,582.15,586.18,3.33,2.63,Nenhum,Com a família paterna,fiel,7.0,-42.4,,
193,f0122,foto,Tiago,21-49-27.JPG,3.7,0.7,585.48,589.18,3.0,2.3,Zoom in,,fiel,5.0,-26.0,,
194,f0123,foto,Tiago,21-49-28.JPG,3.7,0.7,588.48,592.18,3.0,2.3,Zoom in,Com o Marco,fiel,5.0,-26.0,,
195,f0130,foto,Tiago,21-49-34.JPG,3.7,0.7,591.48,595.18,3.0,2.3,Zoom in,No casamento  da mãe,fundo,5.0,-26.0,,
196,f0131,foto,Tiago,21-49-36.JPG,3.7,0.7,594.48,598.18,3.0,2.3,Zoom in,"Com a  primeira  sobrinha,  Matilde.",fundo,5.0,-26.0,,
197,f0282,foto,Tiago,IMG_6240.jpeg,3.7,0.7,597.48,601.18,3.0,2.3,Zoom in,E com o  Miguel,fundo,5.0,-26.0,,
198,f0135,foto,Tiago,21-49-40.JPG,3.7,0.7,600.48,604.18,3.0,2.3,Zoom in,Ensaiando uma coreografia  com o irmão,fiel,5.0,-26.0,,
199,f0136,foto,Tiago,21-49-41.JPG,3.7,0.7,603.48,607.18,3.0,2.3,Zoom in,,fiel,5.0,-26.0,,
200,f0137,foto,Tiago,21-49-42.JPG,3.7,0.7,606.48,610.18,3.0,2.3,Zoom in,,fiel,5.0,-26.0,,
201,f0138,foto,Tiago,21-49-43.JPG,3.7,0.7,609.48,613.18,3.0,2.3,Zoom in,Na Assembleia da República,fiel,5.0,-26.0,,
202,f0257,foto,Tiago,IMG_0588.JPG,3.7,0.7,612.48,616.18,3.0,2.3,Zoom in,Um dos vários desportos que gosta de praticar,fundo,5.0,-26.0,,
203,f0140,foto,Tiago,21-49-45.jpeg,3.7,0.7,615.48,619.18,3.0,2.3,Zoom in,O maratonista,fundo,5.0,-26.0,,
204,f0256,foto,Tiago,IMG-20260614-WA0013.jpg,3.87,0.7,618.48,622.35,3.17,2.47,Zoom in,,fundo,6.0,-35.5,,
205,f0141,foto,Tiago,21-49-46.jpg,3.87,0.7,621.65,625.52,3.17,2.47,Zoom in,O canoísta,fiel,6.0,-35.5,,
206,f0142,foto,Tiago,21-49-47.jpeg,3.7,0.7,624.82,628.52,3.0,2.3,Zoom in,O pacifista,fundo,5.0,-26.0,,
207,f0139,foto,Tiago,21-49-44.JPG,3.7,0.7,627.82,631.52,3.0,2.3,Zoom in,Look à Top Gun,fiel,5.0,-26.0,,
208,f0143,foto,Tiago,21-49-51.jpg,3.7,0.7,630.82,634.52,3.0,2.3,Zoom in,,fundo,5.0,-26.0,,
209,f0124,foto,Tiago,21-49-29.JPG,3.7,0.7,633.82,637.52,3.0,2.3,Zoom in,Pilotando um helicóptero,fiel,5.0,-26.0,,
210,f0133,foto,Tiago,21-49-39.JPG,3.7,0.7,636.82,640.52,3.0,2.3,Nenhum,Pilotando um trenó,fiel,5.0,-26.0,,
211,f0049,foto,Tiago,20170521_162505.jpg,3.7,0.7,639.82,643.52,3.0,2.3,Zoom in,Na Régua,fiel,5.0,-26.0,,
212,f0263,foto,Tiago,IMG_3216.JPG,3.7,0.7,642.82,646.52,3.0,2.3,Zoom in,Em Nova York,fundo,5.0,-26.0,,
213,f0264,foto,Tiago,IMG_3461.JPG,3.7,0.7,645.82,649.52,3.0,2.3,Zoom in,,fiel,4.0,-7.5,,
214,f0265,foto,Tiago,IMG_3540.JPG,3.7,0.7,648.82,652.52,3.0,2.3,Zoom in,Na Croácia  .,fiel,5.0,-26.0,,
215,f0266,foto,Tiago,IMG_3547.JPG,3.7,0.7,651.82,655.52,3.0,2.3,Zoom in,,fiel,5.0,-26.0,,
216,f0267,foto,Tiago,IMG_3576.JPG,3.7,0.7,654.82,658.52,3.0,2.3,Nenhum,Captando o pôr-de-sol,fiel,5.0,-26.0,,
217,f0277,foto,Tiago,IMG_4517.JPG,3.7,0.7,657.82,661.52,3.0,2.3,Zoom in,,fiel,4.0,-7.5,,
218,f0251,foto,Tiago,DSCN7849.JPG,3.87,0.7,660.82,664.69,3.17,2.47,Zoom in,"Em Zagreb, no estádio Maksimir.  .",fiel,6.0,-35.5,,
219,f0278,foto,Tiago,IMG_4541.JPG,4.03,0.7,663.99,668.02,3.33,2.63,Zoom in,"Em  Londres, no Museu Madame Tussauds,  com Bolt.",fundo,7.0,-42.4,,
220,f0279,foto,Tiago,IMG_4542.JPG,3.87,0.7,667.32,671.19,3.17,2.47,Zoom in,E com  Ronaldo,fundo,6.0,-35.5,,
221,f0287,foto,Tiago,IMG_8450.jpeg,3.87,0.7,670.49,674.36,3.17,2.47,Zoom in,"Em  Buenos Aires, no  Bairro  La Boca.",fundo,6.0,-35.5,,
222,f0295,foto,Tiago,IMG_9648.jpeg,3.87,0.7,673.66,677.53,3.17,2.47,Zoom in,"Empurrando um glaciar (Perito Moreno, na Argentina)",fiel,6.0,-35.5,,
223,f0034,foto,Tiago,1200.jpg,3.87,0.7,676.83,680.7,3.17,2.47,Zoom in,Com o Henrique no Parque Guell,fiel,6.0,-35.5,,
224,,cartao,Colegas de trabalho (dele),,3.7,0.7,680.0,683.7,3.0,2.3,,Colegas de trabalho,fiel,5.0,-26.0,,
225,f0254,foto,Colegas de trabalho (dele),IMG-20250305-WA0113.jpg,0.45,0.0,683.7,684.15,0.45,0.45,Nenhum,,rajada,7.0,-93.6,,
226,f0255,foto,Colegas de trabalho (dele),IMG-20260513-WA0016.jpg,0.45,0.0,684.15,684.6,0.45,0.45,Nenhum,,rajada,6.0,-92.5,,
227,f0171,foto,Colegas de trabalho (dele),6-4.jpg,0.45,0.0,684.6,685.05,0.45,0.45,Nenhum,,rajada,9.0,-95.0,,
228,f0253,foto,Colegas de trabalho (dele),IMG-20221118-WA0013.jpg,0.45,0.0,685.05,685.5,0.45,0.45,Nenhum,,rajada,7.0,-93.6,,
229,f0144,foto,Colegas de trabalho (dele),21-49-52.JPG,4.03,0.7,684.8,688.83,3.33,2.63,Zoom in,Com a mãe no cortejo da Queima das  Fitas,fiel,7.0,-42.4,,
230,f0145,foto,Colegas de trabalho (dele),21-49-53.jpg,3.7,0.7,688.13,691.83,3.0,2.3,Nenhum,Com a mãe e com a avó,fiel,5.0,-26.0,,
231,f0148,foto,Colegas de trabalho (dele),21-49-56.jpg,3.87,0.7,691.13,695.0,3.17,2.47,Zoom in,,fiel,6.0,-35.5,,
232,f0146,foto,Colegas de trabalho (dele),21-49-54.jpg,3.7,0.7,694.3,698.0,3.0,2.3,Zoom in,E com a Sky,fiel,5.0,-26.0,,
233,f0147,foto,Colegas de trabalho (dele),21-49-55.jpg,3.7,0.7,697.3,701.0,3.0,2.3,Zoom in,,fiel,5.0,-26.0,,
234,f0149,foto,Colegas de trabalho (dele),21-49-57.jpg,3.7,0.7,700.3,704.0,3.0,2.3,Zoom in,,fiel,4.0,-7.5,,
235,,cartao,O encontro,,4.2,0.7,703.3,707.5,3.5,2.8,,Em 2011  a Clara e o Tiago  conheceram-se. E nunca mais  se largaram.,fiel,8.0,-47.5,,
236,f0239,foto,O encontro,A Happy Year (16).jpg,3.7,0.7,706.8,710.5,3.0,2.3,Nenhum,,fiel,5.0,-26.0,,
237,f0155,foto,O encontro,21-50.JPG,4.03,0.7,709.8,713.83,3.33,2.63,Zoom in,"Na Escola Secundária, com 16 anos.",fiel,7.0,-42.4,,
238,f0038,foto,O encontro,185.JPG,3.7,0.7,713.13,716.83,3.0,2.3,Zoom in,,fiel,5.0,-26.0,,
239,f0156,foto,O encontro,21-51.JPG,4.03,0.7,716.13,720.16,3.33,2.63,Zoom in,Na aula de Biologia,fiel,7.0,-42.4,,
240,f0157,foto,O encontro,21-52.JPG,4.03,0.7,719.46,723.49,3.33,2.63,Zoom in,Festa dos 17 anos da Clara,fundo,7.0,-42.4,,
241,f0158,foto,O encontro,21-53.JPG,4.03,0.7,722.79,726.82,3.33,2.63,Zoom in,,fiel,7.0,-42.4,,
242,f0160,foto,O encontro,21-60.jpg,4.03,0.7,726.12,730.15,3.33,2.63,Zoom in,Com 20 anos,fundo,7.0,-42.4,,
243,f0150,foto,O encontro,21-49-58.JPG,4.03,0.7,729.45,733.48,3.33,2.63,Zoom in,L'amour,fundo,7.0,-42.4,,
244,f0164,foto,O encontro,22-2.JPG,3.7,0.7,732.78,736.48,3.0,2.3,Zoom in,E le glamour,fiel,5.0,-26.0,,"corrida duvidosa: relacao mas repetitiva, decidir se vai a rajada"
245,f0165,foto,O encontro,22-5.JPG,3.7,0.7,735.78,739.48,3.0,2.3,Zoom in,,fiel,5.0,-26.0,,"corrida duvidosa: relacao mas repetitiva, decidir se vai a rajada"
246,f0188,foto,O encontro,82-1.JPG,3.7,0.7,738.78,742.48,3.0,2.3,Zoom in,,fiel,5.0,-26.0,,"corrida duvidosa: relacao mas repetitiva, decidir se vai a rajada"
247,f0050,foto,O encontro,20170805181124.jpg,3.7,0.7,741.78,745.48,3.0,2.3,Zoom in,,fiel,5.0,-26.0,,"corrida duvidosa: relacao mas repetitiva, decidir se vai a rajada"
248,f0293,foto,O encontro,IMG_9283 (1).jpg,3.7,0.7,744.78,748.48,3.0,2.3,Zoom in,,fiel,5.0,-26.0,,"corrida duvidosa: relacao mas repetitiva, decidir se vai a rajada"
249,f0246,foto,O encontro,DSC07594.JPG,3.7,0.7,747.78,751.48,3.0,2.3,Zoom in,,fiel,5.0,-26.0,,"corrida duvidosa: relacao mas repetitiva, decidir se vai a rajada"
250,f0244,foto,O encontro,DSC00093.JPG,3.7,0.7,750.78,754.48,3.0,2.3,Zoom in,,fiel,5.0,-26.0,,"corrida duvidosa: relacao mas repetitiva, decidir se vai a rajada"
251,f0189,foto,O encontro,82-10.jpg,3.7,0.7,753.78,757.48,3.0,2.3,Zoom in,Em Veneza,fiel,5.0,-26.0,,
252,f0192,foto,O encontro,82-2.jpg,3.7,0.7,756.78,760.48,3.0,2.3,Zoom in,"Em Londres,  2018.",fiel,5.0,-26.0,,
253,f0199,foto,O encontro,82-37.jpeg,3.7,0.7,759.78,763.48,3.0,2.3,Zoom in,"Em Londres,  2025.",fundo,5.0,-26.0,,
254,f0195,foto,O encontro,82-3.JPG,3.7,0.7,762.78,766.48,3.0,2.3,Zoom in,,fiel,5.0,-26.0,,
255,f0187,foto,O encontro,82 - Cópia.jpg,4.03,0.7,765.78,769.81,3.33,2.63,Zoom in,Em Barcelona.  Escutando as explicações  sobre a obra de Gaudi.,fiel,7.0,-42.4,,
256,f0194,foto,O encontro,82-27.jpeg,3.7,0.7,769.11,772.81,3.0,2.3,Zoom in,,fundo,5.0,-26.0,,
257,f0206,foto,O encontro,82-53.JPG,3.7,0.7,772.11,775.81,3.0,2.3,Zoom in,,fiel,5.0,-26.0,,
258,f0292,foto,O encontro,IMG_9097.JPG,3.87,0.7,775.11,778.98,3.17,2.47,Nenhum,No Gerês,fiel,6.0,-35.5,,
259,f0288,foto,O encontro,IMG_8594.jpeg,3.7,0.7,778.28,781.98,3.0,2.3,Zoom in,Na Argentina. Junto às Cataratas do  Iguaçú;,fiel,5.0,-26.0,,
260,f0291,foto,O encontro,IMG_9062.jpeg,3.7,0.7,781.28,784.98,3.0,2.3,Zoom in,"Na Patagónia, junto  a uma colónia de pinguins.",fundo,5.0,-26.0,,
261,f0289,foto,O encontro,IMG_8848.jpeg,3.7,0.7,784.28,787.98,3.0,2.3,Zoom in,Em Ushuaia,fiel,5.0,-26.0,,
262,f0286,foto,O encontro,IMG_8145.jpeg,3.87,0.7,787.28,791.15,3.17,2.47,Zoom in,No estádio do Boca Juniors,fiel,6.0,-35.5,,
263,f0048,foto,O encontro,20170204_200730.jpg,3.87,0.7,790.45,794.32,3.17,2.47,Zoom in,"Em comum, também tinham a  paixão pelo FCP.",fiel,6.0,-35.5,,
264,f0261,foto,O encontro,IMG_2523.jpeg,3.7,0.7,793.62,797.32,3.0,2.3,Zoom in,,fundo,5.0,-26.0,,
265,f0297,foto,O encontro,Scanner_20260606 (17).jpg,3.87,0.7,796.62,800.49,3.17,2.47,Zoom in,E pelo futebol em geral,fiel,6.0,-35.5,,
266,f0200,foto,O encontro,82-4.jpg,3.7,0.7,799.79,803.49,3.0,2.3,Zoom in,,fiel,5.0,-26.0,,
267,f0191,foto,O encontro,82-11.jpeg,3.87,0.7,802.79,806.66,3.17,2.47,Zoom in,E o fétiche por óculos...,fundo,6.0,-35.5,,
268,f0190,foto,O encontro,82-11-1.jpg,3.7,0.7,805.96,809.66,3.0,2.3,Zoom in,,fundo,5.0,-26.0,,
269,f0269,foto,O encontro,IMG_4073.JPG,3.7,0.7,808.96,812.66,3.0,2.3,Zoom in,,fiel,5.0,-26.0,,
270,f0248,foto,O encontro,DSC_0041.JPG,4.03,0.7,811.96,815.99,3.33,2.63,Nenhum,"Imposição de Insígnias. ""Tiago, não batas,  ela só fala na presença  do seu Advogado...""",fiel,7.0,-42.4,,
271,f0308,foto,,2016_Clara_impoe_insignias_tiago.jpg,5.0,0.7,815.29,820.29,4.3,3.6,Zoom in,"2016, ela impoe as insignias a ele",fiel,,,,encadeamento 2: As insignias trocadas
272,f0357,foto,,2016_Familia_Tiago_imposicao_insignias.jpg,4.2,0.7,819.59,823.79,3.5,2.8,Zoom in,,fiel,,,,encadeamento 2: As insignias trocadas
273,f0166,foto,O encontro,30Abril18_125.jpg,3.87,0.7,823.09,826.96,3.17,2.47,Zoom in,No Baile  de Finalistas,fundo,6.0,-35.5,,
274,,cartao,Cumplicidades,,4.03,0.7,826.26,830.29,3.33,2.63,,Cumplicidades,fiel,7.0,-42.4,,
275,f0204,foto,Cumplicidades,82-48.JPG,3.7,0.7,829.59,833.29,3.0,2.3,Zoom in,,fundo,5.0,-26.0,,
276,f0203,foto,Cumplicidades,82-46.JPG,3.7,0.7,832.59,836.29,3.0,2.3,Zoom in,,fiel,5.0,-26.0,,
277,f0197,foto,Cumplicidades,82-32.JPG,3.7,0.7,835.59,839.29,3.0,2.3,Zoom in,,fundo,5.0,-26.0,,
278,f0210,foto,Cumplicidades,82-9.jpg,3.87,0.7,838.59,842.46,3.17,2.47,Zoom in,,fundo,6.0,-35.5,,
279,f0196,foto,Cumplicidades,82-31.JPG,3.7,0.7,841.76,845.46,3.0,2.3,Zoom in,,fiel,5.0,-26.0,,
280,f0201,foto,Cumplicidades,82-41.JPG,3.7,0.7,844.76,848.46,3.0,2.3,Zoom in,,fundo,5.0,-26.0,,
281,f0209,foto,Cumplicidades,82-7.jpg,3.7,0.7,847.76,851.46,3.0,2.3,Zoom in,,fundo,5.0,-26.0,,
282,f0035,foto,Cumplicidades,182-73.JPG,3.7,0.7,850.76,854.46,3.0,2.3,Zoom in,,fundo,5.0,-26.0,,
283,f0037,foto,Cumplicidades,182-76.JPG,3.7,0.7,853.76,857.46,3.0,2.3,Zoom in,,fiel,5.0,-26.0,,
284,f0208,foto,Cumplicidades,82-6.jpg,3.7,0.7,856.76,860.46,3.0,2.3,Zoom in,,fiel,5.0,-26.0,,
285,f0276,foto,Cumplicidades,IMG_4490 (3).jpg,3.7,0.7,859.76,863.46,3.0,2.3,Zoom in,,fiel,5.0,-26.0,,
286,f0271,foto,Cumplicidades,IMG_4277 (3) (1).jpg,3.7,0.7,862.76,866.46,3.0,2.3,Zoom in,,fiel,5.0,-26.0,,
287,f0193,foto,Cumplicidades,82-25- -2022.JPG,3.7,0.7,865.76,869.46,3.0,2.3,Zoom in,,fundo,5.0,-26.0,,
288,f0198,foto,Cumplicidades,82-36.JPG,3.7,0.7,868.76,872.46,3.0,2.3,Zoom in,,fundo,5.0,-26.0,,
289,f0202,foto,Cumplicidades,82-43.JPG,3.7,0.7,871.76,875.46,3.0,2.3,Zoom in,,fundo,5.0,-26.0,,
290,f0207,foto,Cumplicidades,82-59.JPG,3.7,0.7,874.76,878.46,3.0,2.3,Zoom in,,fiel,5.0,-26.0,,
291,f0036,foto,Cumplicidades,182-74.JPG,3.7,0.7,877.76,881.46,3.0,2.3,Zoom in,,fiel,5.0,-26.0,,
292,f0243,foto,Cumplicidades,DSC00075.JPG,3.87,0.7,880.76,884.63,3.17,2.47,Zoom in,,fiel,6.0,-35.5,,
293,f0275,foto,Cumplicidades,IMG_4490 (16).jpg,3.7,0.7,883.93,887.63,3.0,2.3,Zoom in,,fiel,5.0,-26.0,,
294,f0273,foto,Cumplicidades,IMG_4425.JPG,3.87,0.7,886.93,890.8,3.17,2.47,Zoom in,,fundo,6.0,-35.5,,
295,f0205,foto,Cumplicidades,82-50.JPG,4.2,0.7,890.1,894.3,3.5,2.8,Zoom in,"-És uma workaholic, não és? -Agora não posso responder,   tenho que mandar um e-mail de   trabalho!",fiel,8.0,-47.5,,
296,f0252,foto,Cumplicidades,Fotos Joana (69).JPG,4.54,0.7,893.6,898.14,3.84,3.14,Zoom in,Festa  dos  18 anos  da  Clara,fundo,10.0,-54.6,,
297,f0249,foto,Cumplicidades,DSC_7700.JPG,4.37,0.7,897.44,901.81,3.67,2.97,Nenhum,Na festa dos 18 anos do Henrique,fiel,9.0,-51.5,,
298,f0019,foto,Cumplicidades,1021.jpg,4.54,0.7,901.11,905.65,3.84,3.14,Zoom in,"Festa de aniversário da Clara, estava  a festa a decorrer e ela saiu porque  tinha de ir a Lisboa, em trabalho.",fiel,10.0,-54.6,,
299,f0018,foto,Cumplicidades,1021-1.jpg,4.37,0.7,904.95,909.32,3.67,2.97,Zoom in,"Os lenços brancos da despedida, depois  de ter abandonado os convidados...",fundo,9.0,-51.5,,
300,f0283,foto,Cumplicidades,IMG_6442.JPG,3.87,0.7,908.62,912.49,3.17,2.47,Zoom in,"Com o Henrique, em Barcelona.",fiel,6.0,-35.5,,
301,f0051,foto,Cumplicidades,20250608_224334 - Cópia.jpg,3.87,0.7,911.79,915.66,3.17,2.47,Zoom in,Jogo do Campeonato  da Europa,fiel,6.0,-35.5,,
302,f0020,foto,Cumplicidades,1031.JPG,4.37,0.7,914.96,919.33,3.67,2.97,Zoom in,No Santuário do Bom Jesus de Braga,fiel,9.0,-51.5,,
303,f0347,foto,,2025_Pedido_casamento_clara_1.jpg,4.2,0.7,918.63,922.83,3.5,2.8,Zoom in,"2025, o pedido",fiel,,,,"encadeamento 3: O pedido de casamento, que hoje nao se ve"
304,f0348,foto,,2025_Pedido_casamento_clara_2.jpg,3.8,0.7,922.13,925.93,3.1,2.4,Zoom in,,fundo,,,,"encadeamento 3: O pedido de casamento, que hoje nao se ve"
305,f0349,foto,,2025_Pedido_casamento_clara_3.jpg,3.8,0.7,925.23,929.03,3.1,2.4,Zoom in,,fundo,,,,"encadeamento 3: O pedido de casamento, que hoje nao se ve"
306,f0350,foto,,2025_Pedido_casamento_clara_4.jpg,4.2,0.7,928.33,932.53,3.5,2.8,Zoom in,,fiel,,,,"encadeamento 3: O pedido de casamento, que hoje nao se ve"
307,f0052,foto,Cumplicidades,20260101_011410.jpg,4.54,0.7,931.83,936.37,3.84,3.14,Zoom in,"Primeiros minutos de 2026, quando foi  anunciado o noivado.",fundo,10.0,-54.6,,
308,f0053,foto,Cumplicidades,20260101_011607.jpg,4.03,0.7,935.67,939.7,3.33,2.63,Zoom in,,fiel,7.0,-42.4,,
309,f0260,foto,Cumplicidades,IMG_2067.jpeg,3.7,0.7,939.0,942.7,3.0,2.3,Zoom in,,fundo,4.0,-7.5,,
310,f0304,foto,Cumplicidades,WhatsApp Image 2026-08-21 at 16.10.19.jpeg,4.03,0.7,942.0,946.03,3.33,2.63,Zoom in,"Voo de despedida de solteira, deixaram- na sonhar com uma condução a sério.",fundo,7.0,-42.4,,
311,f0305,foto,Cumplicidades,WhatsApp Image 2026-08-22 at 11.12.02.jpeg,3.7,0.7,945.33,949.03,3.0,2.3,Zoom in,,fundo,5.0,-26.0,,
312,f0302,foto,Cumplicidades,WhatsApp Image 2026-03-01 at 13.30.02.jpeg,4.95,0.7,948.33,953.28,4.25,3.55,Nenhum,,fiel,12.5,-60.4,,
313,,cartao,The End,,4.03,0.7,952.58,956.61,3.33,2.63,,The End (To be continued...),fiel,7.0,-42.4,,
