ordem,id,tipo,seccao,ficheiro,duracao_s,transicao_s,inicio_s,fim_s,dominante_s,solo_s,movimento,texto_ecra,tratamento,duracao_original_s,variacao_pct,fonte_imagem,nota,textos_fotos,textos_opcoes,destaque,opcoes_clip
1,,video,"demo v3, o flash-forward",20th Century Fox Intro HD igualado.mp4,20.8,0.0,0.0,20.8,20.8,20.8,Nenhum,,fiel,,,,,,,,
2,,video,"demo v3, o flash-forward",intro_clara_tiago_5 sem preto_81ad6d igualado.mp4,13.21,0.0,20.8,34.01,13.21,13.21,Nenhum,,fiel,,,,,,,,
3,,contador,"demo v3, o flash-forward",,9.0,0.7,33.31,42.31,8.3,7.6,Nenhum,2026>1995|4 de outubro de 2026,fiel,,,,,,,,
4,,marcos,"demo v3, o flash-forward",,15.0,0.0,42.31,57.31,15.0,15.0,Nenhum,"1995@0.000000-0.674731|17/01 Terramoto em Kobe, Japão @kobe, japao.png;26/03 Abrem as fronteiras de Schengen @Schengen_Agreement_(1985)_signatures.jpg;24/08 Sai o Windows 95 @Windows95.jpeg;04/09 Nasce o SAPO, em Aveiro @sapo_42c89ed355959aa80b08ddd3b3b79ffc3555d337.jpg;*12/09 Nasce o 2.º filho da Graça e do Alberto;01/10 Guterres ganha as eleições @guterres.jpg;24/11 Salvam-se as gravuras do Côa @gravuras_coa.jpg;*24/11 Nasce a 1.ª filha de Rosa e Jorge",fiel,,,,,,,,
5,,marcos,"demo v3, o flash-forward",,9.9,0.0,57.31,67.21,9.9,9.9,Nenhum,"1995@0.678731-0.696237c|17/01 Terramoto em Kobe, Japão @kobe, japao.png;26/03 Abrem as fronteiras de Schengen @Schengen_Agreement_(1985)_signatures.jpg;24/08 Sai o Windows 95 @Windows95.jpeg;04/09 Nasce o SAPO, em Aveiro @sapo_42c89ed355959aa80b08ddd3b3b79ffc3555d337.jpg;*12/09 Nasce o 2.º filho da Graça e do Alberto;01/10 Guterres ganha as eleições @guterres.jpg;24/11 Salvam-se as gravuras do Côa @gravuras_coa.jpg;*24/11 Nasce a 1.ª filha de Rosa e Jorge~0.9@5.85",fiel,,,,,,,,
6,,nome,"demo v3, o flash-forward",,2.6,0.7,66.51,69.11,1.9,1.2,Nenhum,O TIAGO,fiel,,,,,,,,
7,f0103,foto,"demo v3, o flash-forward",21-46.jpg,4.0,1.0,68.11,72.11,3.0,2.0,Zoom in,,fundo,,,,,,,,
8,f0104,foto,"demo v3, o flash-forward",21-47.jpg,4.0,0.7,71.41,75.41,3.3,2.6,Zoom in,Era amoroso,fundo,,,,,,,,
9,f0153,foto,"demo v3, o flash-forward",21-49.jpg,4.0,0.7,74.71,78.71,3.3,2.6,Zoom in,Com o pai,fundo,,,,,,,,
10,f0351,foto,"demo v3, o flash-forward",1996_tiago_e_irmao_mais_velho.jpg,4.0,0.7,78.01,82.01,3.3,2.6,Zoom in,"Agarrado pelo irmão, mas a tentar fugir",fundo,,,,,,,,
11,f0105,foto,"demo v3, o flash-forward",21-48.jpg,4.0,0.7,81.31,85.31,3.3,2.6,Zoom in,"Com a mãe, o irmão e as tias (que, pela idade, podiam ser primas).",fundo,,,,,,,,"{""x1"": true}"
12,f0115,foto,"demo v3, o flash-forward",21-49-2.jpg,4.0,0.7,84.61,88.61,3.3,2.6,Zoom in,Com a avó Orquídea,fundo,,,,,,,,
13,f0125,foto,"demo v3, o flash-forward",21-49-3.jpg,4.0,0.7,87.91,91.91,3.3,2.6,Zoom in,Primeiro aniversário. O pai faz anos no mesmo dia.,fundo,,,,,,,,
14,f0537,foto,"demo v3, o flash-forward",IMG_20260209_184044.jpg,4.0,0.7,91.21,95.21,3.3,2.6,Zoom in,O estilo já lá estava,fundo,,,,,,,,
15,f0151,foto,"demo v3, o flash-forward",21-49-6.jpg,3.0,0.7,94.51,97.51,2.3,1.6,Zoom in,Em Portugal dos Pequenitos,fundo,,,,,,,,
16,f0107,foto,"demo v3, o flash-forward",21-49-11.jpg,4.0,0.7,96.81,100.81,3.3,2.6,Zoom in,O primeiro veículo,rajada,,,,,,,,
17,f0726,foto,"demo v3, o flash-forward",IMG_20260922_192900 - Copy.jpg,4.0,0.7,100.11,104.11,3.3,2.6,Zoom in,,fundo,,,,,,,,
18,f0346,foto,"demo v3, o flash-forward",IMG_20260209_172732.jpg,4.0,0.7,103.41,107.41,3.3,2.6,Zoom in,Com uma família saída de um filme da Missão Impossível,fundo,,,,,,,,
19,f0106,foto,"demo v3, o flash-forward",21-49-10.jpg,4.0,0.7,106.71,110.71,3.3,2.6,Zoom in,,fundo,,,,,,,,
20,,marcos,"demo v3, o flash-forward",,18.75,0.7,110.01,128.76,18.05,17.35,Nenhum,"1995@0.700237-0.895161|17/01 Terramoto em Kobe, Japão @kobe, japao.png;26/03 Abrem as fronteiras de Schengen @Schengen_Agreement_(1985)_signatures.jpg;24/08 Sai o Windows 95 @Windows95.jpeg;04/09 Nasce o SAPO, em Aveiro @sapo_42c89ed355959aa80b08ddd3b3b79ffc3555d337.jpg;*12/09 Nasce o 2.º filho da Graça e do Alberto;01/10 Guterres ganha as eleições @guterres.jpg;24/11 Salvam-se as gravuras do Côa @gravuras_coa.jpg;*24/11 Nasce a 1.ª filha de Rosa e Jorge~4.75@12.78",fiel,,,,,,,,
21,,nome,"demo v3, o flash-forward",,2.6,0.7,128.06,130.66,1.9,1.2,Nenhum,A CLARA,fiel,,,,,,,,
22,f0012,foto,"demo v3, o flash-forward",1 (2).jpg,4.0,1.0,129.66,133.66,3.0,2.0,Zoom in,"Era clara, e como já estava destinado, chamar-se-ia Clara.",fundo,,,,,,,,
23,f0041,foto,"demo v3, o flash-forward",2.jpg,4.0,0.7,132.96,136.96,3.3,2.6,Zoom in,Era muito bem disposta...,fundo,,,,,,,,
24,f0169,foto,"demo v3, o flash-forward",5 (2).jpg,4.0,0.7,136.26,140.26,3.3,2.6,Zoom in,,fundo,,,,,,,,
25,f0172,foto,"demo v3, o flash-forward",6.jpg,4.0,0.7,139.56,143.56,3.3,2.6,Zoom in,Muito curiosa...,fundo,,,,,,,,
26,f0009,foto,"demo v3, o flash-forward",5-3.jpg,4.0,0.7,142.86,146.86,3.3,2.6,Zoom in,"Muito teimosa... (Dizia ""não se mexe"", e depois mexia...)",fundo,,,,,,,,
27,f0175,foto,"demo v3, o flash-forward",7.jpg,4.0,0.7,146.16,150.16,3.3,2.6,Zoom in,Muito irrequieta...,fundo,,,,,,,,
28,f0186,foto,"demo v3, o flash-forward",8.jpg,4.0,0.7,149.46,153.46,3.3,2.6,Zoom in,"Era endiabrada, mas também encantadora.",fundo,,,,,,,,
29,f0450,foto,"demo v3, o flash-forward",Clara x3 (37).jpg,4.0,0.7,152.76,156.76,3.3,2.6,Zoom in,,fundo,,,,,,,,
30,f0452,foto,"demo v3, o flash-forward",Digitalizar0008.jpg,4.0,0.7,156.06,160.06,3.3,2.6,Zoom in,Desde cedo a paixão pelos livros,fundo,,,,,,,,
31,f0236,foto,"demo v3, o flash-forward",9.1.jpg,4.0,0.7,159.36,163.36,3.3,2.6,Afastada,Penteado à Emma Watson,fundo,,,,,,,,
32,f0033,foto,"demo v3, o flash-forward",11.jpg,4.0,0.7,162.66,166.66,3.3,2.6,Zoom in,Com a mãe,fundo,,,,,,,,
33,f0013,foto,"demo v3, o flash-forward",10-1 (2).jpg,4.0,0.7,165.96,169.96,3.3,2.6,Zoom in,Com o pai. Era pequenina e já lhe dava tonturas...,fundo,,,,,,,,
34,f0016,foto,"demo v3, o flash-forward",10-4.jpg,4.0,0.7,169.26,173.26,3.3,2.6,Zoom in,,fundo,,,,,,,,
35,f0024,foto,"demo v3, o flash-forward",11-14.jpg,4.0,0.7,172.56,176.56,3.3,2.6,Zoom in,Com o mano e a mãe,fundo,,,,,,,,
36,f0025,foto,"demo v3, o flash-forward",11-15.jpg,4.0,0.7,175.86,179.86,3.3,2.6,Zoom in,,fundo,,,,,,,,
37,f0028,foto,"demo v3, o flash-forward",11-5.jpg,4.0,0.7,179.16,183.16,3.3,2.6,Zoom in,,fundo,,,,,,,,
38,f0031,foto,"demo v3, o flash-forward",11-8.jpg,4.0,0.7,182.46,186.46,3.3,2.6,Zoom in,,fundo,,,,,,,,
39,,cartao,"demo v3, o flash-forward",,3.6,0.7,185.76,189.36,2.9,2.2,Zoom in,Adolescência,fiel,,,,,,,,
40,f0235,foto,"demo v3, o flash-forward",9-5.JPG,4.0,0.7,188.66,192.66,3.3,2.6,Zoom in,,fundo,,,,,,,,
41,f0108,foto,"demo v3, o flash-forward",21-49-12.jpg,4.0,0.7,191.96,195.96,3.3,2.6,Zoom in,,fundo,,,,,,,,
42,f0221,foto,"demo v3, o flash-forward",9-2.jpg,4.0,0.7,195.26,199.26,3.3,2.6,Zoom in,,fundo,,,,,,,,
43,f0008,foto,"demo v3, o flash-forward",21-49-13.JPG,4.0,0.7,198.56,202.56,3.3,2.6,Zoom in,,fundo,,,,,,,,
44,,cartao,"demo v3, o flash-forward",,4.5,0.7,201.86,206.36,3.8,3.1,Zoom in,Advinham quem tem uma paixão por animais?,fiel,,,,,,,,
45,f0230,foto,"demo v3, o flash-forward",9-25.jpg,4.0,0.7,205.66,209.66,3.3,2.6,Zoom in,Gostava dos bichinhos todos,fundo,,,,,,,,
46,f0298,foto,"demo v3, o flash-forward",Scanner_20260814.jpg,4.0,0.7,208.96,212.96,3.3,2.6,Zoom in,Mas com a obsessão conhecida por cães...,fundo,,,,,,,,
47,f0449|f0231,lado,"demo v3, o flash-forward",Clara x3 (11).jpg|9-26.JPG,5.0,0.7,212.26,217.26,4.3,3.6,Zoom in,Pelos dela...,2v,,,"0.5390,0.7070|",,,,,
48,f0378,foto,"demo v3, o flash-forward",17042011180.jpg,4.0,0.7,216.56,220.56,3.3,2.6,Zoom in,,fundo,,,,,,,,
49,f0233|f0234,lado,"demo v3, o flash-forward",9-28.JPG|9-29.JPG,5.0,0.7,219.86,224.86,4.3,3.6,Zoom in,... E pelos dos outros.,2v,,,"0.3150,0.5040|",,,,,
50,f0454|f0460|f0404|f0650|f0651|f0358,pilha,"demo v3, o flash-forward",DSC00644.JPG|Fred.jpg|20210214_104230.jpg|20170520_195522.jpg|20170521_092828.jpg|2022_Clara_e_sky.jpg,7.7,0.7,224.16,231.86,7.0,6.3,Zoom in,,monte,,,,,,,,
51,,cartao,"demo v3, o flash-forward",,3.6,0.7,231.16,234.76,2.9,2.2,Zoom in,E por desporto...Quem será?,fiel,,,,,,,,
52,f0699,foto,"demo v3, o flash-forward",AASM_NAZARE_CUPImagem 023.jpg,4.0,0.7,234.06,238.06,3.3,2.6,Aproxima 1.2,,fundo,,,"0.7220,0.3070",,,,"{""x"": 0.6656, ""y"": 0.1979, ""w"": 0.1135, ""h"": 0.2134}",
53,f0673,foto,"demo v3, o flash-forward",DSC_0147.JPG,4.0,0.7,237.36,241.36,3.3,2.6,Zoom in,,fundo,,,,,,,,
54,f0312,foto,"demo v3, o flash-forward",2016_tIAGO_ANDEBOL_FACULDADE.jpg,4.0,0.7,240.66,244.66,3.3,2.6,Aproxima 1.2,,fundo,,,"0.3270,0.3470",,,,,
55,f0141,foto,"demo v3, o flash-forward",21-49-46.jpg,4.0,0.7,243.96,247.96,3.3,2.6,Zoom in,,fundo,,,,,,,,
56,f0447,foto,"demo v3, o flash-forward",bc66e4257dc1a51eb676bfe0d263d5db.jpg,4.0,0.7,247.26,251.26,3.3,2.6,Zoom in,,fundo,,,,,,,,
57,f0278,foto,"demo v3, o flash-forward",IMG_4541.JPG,4.0,0.7,250.56,254.56,3.3,2.6,Zoom in,Sabia lá ele que iam ser colegas de modalidade,fundo,,,,,,,,
58,f0439|f0140|f0539|f0527|f0526|f0370|f0256,pilha,"demo v3, o flash-forward",20231222_195654.jpg|21-49-45.jpeg|IMG_20260718_200954.jpg|IMG-20240915-WA0007.jpeg|IMG-20240616-WA0009.jpg|465577778_18469984858036289_3599993957042226426_n.jpg|IMG-20260614-WA0013.jpg,14.0,0.7,253.86,267.86,13.3,12.6,Zoom in,,monte,,,"|0.5070,0.5010|||||",,"[""Primeiras corridas"", ""..1 ano depois"", ""até nas férias"", ""Hidratação pós prova"", ""Entrevista ao atleta"", ""Com amigos"", ""Com amigos""]",,,
59,,contador,"demo v3, o flash-forward",,9.0,0.7,267.16,276.16,8.3,7.6,Nenhum,1995>20/05/2012|2011=Clara e Tiago conhecem-se;20/05/2012=Começam a namorar,fiel,,,,,,,,
60,f0239,foto,"demo v3, o flash-forward",A Happy Year (16).jpg,4.0,0.7,275.46,279.46,3.3,2.6,Zoom in,,fundo,,,,,,,,
61,f0155,foto,"demo v3, o flash-forward",21-50.JPG,4.0,0.7,278.76,282.76,3.3,2.6,Zoom in,"Na Escola Secundária, com 16 anos.",fundo,,,,,,,,
62,f0156,foto,"demo v3, o flash-forward",21-51.JPG,4.0,0.7,282.06,286.06,3.3,2.6,Zoom in,Na aula de Biologia,fundo,,,,,,,,
63,f0560,foto,"demo v3, o flash-forward",Campanha AE (6).JPG,4.0,0.7,285.36,289.36,3.3,2.6,Zoom in,,fundo,,,,,,,,
64,f0164,foto,"demo v3, o flash-forward",22-2.JPG,4.0,0.7,288.66,292.66,3.3,2.6,Zoom in,,fundo,,,,,,,,
65,f0293,foto,"demo v3, o flash-forward",IMG_9283 (1).jpg,4.0,0.7,291.96,295.96,3.3,2.6,Zoom in,,fundo,,,,,,,,
66,f0188,foto,"demo v3, o flash-forward",82-1.JPG,4.0,0.7,295.26,299.26,3.3,2.6,Zoom in,,fundo,,,,,,,,
67,f0557,foto,"demo v3, o flash-forward",20170805181124.jpg,4.0,0.7,298.56,302.56,3.3,2.6,Zoom in,,fundo,,,,,,,,
68,,cartao,"demo v3, o flash-forward",,3.6,0.7,301.86,305.46,2.9,2.2,Zoom in,FACULDADE,fiel,,,,,,,,
69,f0159,foto,"demo v3, o flash-forward",21-6.jpg,4.0,0.7,304.76,308.76,3.3,2.6,Zoom in,Praxe na Faculdade de Letras,fundo,,,,,,,,
70,f0161,foto,"demo v3, o flash-forward",21-7.JPG,4.0,0.7,308.06,312.06,3.3,2.6,Zoom in,Cortejo da Queima das Fitas. Onde está a Wally?,fundo,,,,,,,,
71,f0308|f0248,lado,"demo v3, o flash-forward",2016_Clara_impoe_insignias_tiago.jpg|DSC_0041.JPG,5.0,0.7,311.36,316.36,4.3,3.6,Zoom in,Imposição das insígnias,2v,,,"0.5750,0.4650|",,"[""FEP, 2016"", ""FDUP, 2018""]",,,
72,f0457|f0674,lado,"demo v3, o flash-forward",DSC02953.JPG|DSC_0149.JPG,5.0,0.7,315.66,320.66,4.3,3.6,Zoom in,,2v,,,"|0.5980,0.5680",,"[""Finalista em Economia"", ""Finalista em Direito""]",,,
73,f0453|f0166,lado,"demo v3, o flash-forward",DSC00187.JPG|30Abril18_125.jpg,5.0,0.7,319.96,324.96,4.3,3.6,Zoom in,,2v,,,,,"[""Baile Finalistas 12.ºano (2013)"", ""Baile Finalistas FDUP (2018)""]",,,
74,,cartao,"demo v3, o flash-forward",,3.0,0.0,324.96,327.96,3.0,3.0,Zoom in,Viagens,fiel,,,,,,,,
75,f0328|f0727|f0480|f0482|f0494|f0728|f0430|f0427|f0729|f0515|f0730|f0289|f0291|f0286|f0194,pilha,"demo v3, o flash-forward",2016_Clara_TIAGO_pRIMEIRA_VIAGEM_PENICHE.jpg|WhatsApp Image 2026-10-03 at 01.50.14.jpeg|IMG-20181006-WA0010.jpg|IMG-20181006-WA0013.jpg|IMG-20191116-WA0003.jpg|WhatsApp Image 2026-10-03 at 01.56.32.jpeg|20220521_130954.jpg|20220520_135148.jpg|WhatsApp Image 2026-10-03 at 02.00.21.jpeg|IMG-20230727-WA0003.jpg|WhatsApp Image 2026-10-03 at 02.04.52.jpeg|IMG_8848.jpeg|IMG_9062.jpeg|IMG_8145.jpeg|82-27.jpeg,30.0,0.7,327.26,357.26,29.3,28.6,Zoom in,,monte,,,"|||||||0.4860,0.9430|||||0.4510,0.8980|0.4980,0.9720|",,"[""Peniche"", ""Veneza"", ""Milão"", ""Londres"", ""Lagos Plitvice, Croácia"", ""Dubrovnik, Croácia"", ""Nova York"", ""Washington"", ""Ilha Terceira"", ""Côte d'Azur"", ""Cataratas do Iguaçu, Argentina"", ""Ushuaia, Patagónia"", ""Ilha dos pinguins (Martillo, Patagónia)"", ""La Bombonera, estádio do Boca Juniores."", ""Barcelona""]",,,
76,,cartao,"demo v3, o flash-forward",,3.6,0.7,356.56,360.16,2.9,2.2,Zoom in,Porque a vida não é só lazer...,fiel,,,,,,,,
77,f0487,foto,"demo v3, o flash-forward",IMG-20181102-WA0000.jpg,4.0,0.7,359.46,363.46,3.3,2.6,Zoom in,1.ª a chegar,fundo,,,,,,,,
78,f0227,foto,"demo v3, o flash-forward",9-24-7.JPG,4.0,0.7,362.76,366.76,3.3,2.6,Aproxima 1.2,Revendo um SPA a caminho de  Viena,fundo,,,"0.5330,0.7030",,,,"{""x"": 0.2147, ""y"": 0.4113, ""w"": 0.5399, ""h"": 0.5887}",
79,f0228,foto,"demo v3, o flash-forward",9-24-8.JPG,4.0,0.7,366.06,370.06,3.3,2.6,Zoom in,,fundo,,,,,,,,
80,f0317,foto,"demo v3, o flash-forward",2025_Clara_a_trabalhar_iguaçu.jpg,4.0,0.7,369.36,373.36,3.3,2.6,Aproxima 1.2,Trabalhando no aeroporto,fundo,,,"0.4040,0.6810",,,,"{""x"": 0.1963, ""y"": 0.4062, ""w"": 0.3896, ""h"": 0.5046}",
81,f0274,foto,"demo v3, o flash-forward",IMG_4477.JPG,4.0,0.7,372.66,376.66,3.3,2.6,Zoom in,Reunião Teams em praia de Lanzarote,fundo,,,,,,,,
82,f0019|f0018,lado,"demo v3, o flash-forward",1021.jpg|1021-1.jpg,5.0,0.7,375.96,380.96,4.3,3.6,Zoom in,"Aniversário da Clara 2023. 
Saiu mais cedo da própria festa porque tinha um closing...",2v,,,"0.4740,0.8980|0.2970,0.6390",,,,,
83,,cartao,"demo v3, o flash-forward",,3.6,0.7,380.26,383.86,2.9,2.2,Zoom in,Morais Leitão,fiel,,,,,,,,
84,f0047,foto,"demo v3, o flash-forward",200_ML_FestaNatal2022.jpg,4.0,0.7,383.16,387.16,3.3,2.6,Zoom in,,fundo,,,,,,,,
85,f0259,foto,"demo v3, o flash-forward",IMG_1475.jpeg,4.0,0.7,386.46,390.46,3.3,2.6,Zoom in,,fundo,,,,,,,,
86,f0168,foto,"demo v3, o flash-forward",499_ML_FestaNatal2024.jpg,4.0,0.7,389.76,393.76,3.3,2.6,Zoom in,,fundo,,,,,,,,
87,f0092,foto,"demo v3, o flash-forward",21-45-17.jpeg,4.0,0.7,393.06,397.06,3.3,2.6,Zoom in,,fundo,,,,,,,,
88,,cartao,"demo v3, o flash-forward",,3.6,0.7,396.36,399.96,2.9,2.2,Zoom in,O Tiago também trabalha...,fiel,,,,,,,,
89,f0547,foto,"demo v3, o flash-forward",MicrosoftTeams-image (26).jpg,4.0,0.7,399.26,403.26,3.3,2.6,Zoom in,,fundo,,,,,,,,
90,f0461|f0311|f0171|f0253|f0314|f0514|f0254|f0255,pilha,"demo v3, o flash-forward",IMG-20161204-WA0003.jpg|2016_TiaGO_AMIGOS_TRABALHO_PWC_VIDEO_NATAL.jpg|6-4.jpg|IMG-20221118-WA0013.jpg|Ebru_E_CBC.jpg|IMG-20230714-WA0010.jpg|IMG-20250305-WA0113.jpg|IMG-20260513-WA0016.jpg,16.0,0.7,402.56,418.56,15.3,14.6,Zoom in,,monte,,,,,,,,
91,,cartao,"demo v3, o flash-forward",,3.6,0.7,417.86,421.46,2.9,2.2,Zoom in,Um amor que os une,fiel,,,,,,,,
92,f0714,foto,"demo v3, o flash-forward",IMG_20260922_191615.jpg,4.0,0.7,420.76,424.76,3.3,2.6,Zoom in,Caça ao autógrafo 2004 - Marco Ferreira,fundo,,,,,,,"{""x"": 0.5566, ""y"": 0.3395, ""w"": 0.3166, ""h"": 0.1254}",
93,f0111,foto,"demo v3, o flash-forward",21-49-15.JPG,4.0,0.7,424.06,428.06,3.3,2.6,Zoom in,,fundo,,,,,,,,
94,f0533,foto,"demo v3, o flash-forward",IMG_20140725_185827.jpg,4.0,0.7,427.36,431.36,3.3,2.6,Zoom in,,fundo,,,,,,,,
95,f0462,foto,"demo v3, o flash-forward",IMG-20170205-WA0006.jpg,4.0,0.7,430.66,434.66,3.3,2.6,Zoom in,,fundo,,,,,,,,
96,f0600,foto,"demo v3, o flash-forward",IMG_7927.JPG,4.0,0.7,433.96,437.96,3.3,2.6,Zoom in,,fundo,,,,,,,,
97,f0415,foto,"demo v3, o flash-forward",20220430_184146.jpg,4.0,0.7,437.26,441.26,3.3,2.6,Zoom in,,fundo,,,,,,,,
98,f0659,foto,"demo v3, o flash-forward",38411954_1089090207922313_3133676772738990080_n.jpg,4.0,0.7,440.56,444.56,3.3,2.6,Zoom in,,fundo,,,,,,,,
99,f0225,foto,"demo v3, o flash-forward",9-24-4.jpeg,4.0,0.7,443.86,447.86,3.3,2.6,Zoom in,,fundo,,,,,,,,
100,f0261,foto,"demo v3, o flash-forward",IMG_2523.jpeg,4.0,0.7,447.16,451.16,3.3,2.6,Zoom in,,fundo,,,,,,,,
101,f0736,foto,"demo v3, o flash-forward",WhatsApp Image 2026-10-03 at 04.15.03.jpeg,4.0,0.7,450.46,454.46,3.3,2.6,Zoom in,,fundo,,,,,,,,
102,f0093,foto,"demo v3, o flash-forward",21-45-18.jpeg,4.0,0.7,453.76,457.76,3.3,2.6,Zoom in,,fundo,,,,,,,,
103,,cartao,"demo v3, o flash-forward",,3.6,0.7,457.06,460.66,2.9,2.2,Zoom in,Família,fiel,,,,,,,,
104,f0027,foto,"demo v3, o flash-forward",11-4.JPG,4.0,0.7,459.96,463.96,3.3,2.6,Zoom in,Clara e a Mãe,fundo,,,,,,,,
105,f0021,foto,"demo v3, o flash-forward",11-10.JPG,4.0,0.7,463.26,467.26,3.3,2.6,Zoom in,Clara e o irmão,fundo,,,,,,,,
106,f0023,foto,"demo v3, o flash-forward",11-13.jpg,4.0,0.7,466.56,470.56,3.3,2.6,Zoom in,"- Clara, gostas dessa canção ? 
- Gosto! 
- Então não a estragues...",fundo,,,,,,,,
107,f0095,foto,"demo v3, o flash-forward",21-45-2.jpg,4.0,0.7,469.86,473.86,3.3,2.6,Zoom in,Com os padrinhos de batismo e de casamento,fundo,,,,,,,,
108,f0097|f0096|f0099,pilha,"demo v3, o flash-forward",21-45-4.jpg|21-45-3.JPG|21-45-6.jpg,8.0,0.7,473.16,481.16,7.3,6.6,Zoom in,,monte,,,,,"[""Família materna da Clara"", ""Família materna da Clara"", ""Família paterna da Clara""]","{""modo"": ""legenda""}",,
109,f0101|f0731,lado,"demo v3, o flash-forward",21-45-9.jpg|WhatsApp Image 2026-10-03 at 02.58.21.jpeg,4.3,0.7,480.46,484.76,3.6,2.9,Zoom in,99.º Aniversário da avó Maria dos Anjos,2v,,,,,,,,"{""li"": true}"
110,f0135|f0136,lado,"demo v3, o flash-forward",21-49-40.JPG|21-49-41.JPG,5.0,0.7,484.06,489.06,4.3,3.6,Zoom in,Tiago a ensinar o irmão,2v,,,"0.5270,0.5230|0.4450,0.4790",,,,,"{""li"": true}"
111,f0123,foto,"demo v3, o flash-forward",21-49-28.JPG,4.0,0.7,488.36,492.36,3.3,2.6,Zoom in,Com o Marco,fundo,,,,,,,,
112,f0695,foto,"demo v3, o flash-forward",2008_Ericeira_Mae_e_tiago_HPIM4695.JPG,4.1,0.7,491.66,495.76,3.4,2.7,Zoom in,Em férias com a mãe no SÉC XVIII,fundo,,,,,,,,
113,f0148,foto,"demo v3, o flash-forward",21-49-56.jpg,4.0,0.7,495.06,499.06,3.3,2.6,Zoom in,"Com a avó, a mãe e o José Eduardo",fundo,,,,,,,,
114,f0712,foto,"demo v3, o flash-forward",IMG_20260719_141619.jpg,4.0,0.7,498.36,502.36,3.3,2.6,Zoom in,Com a mãe e a Sky,fundo,,,,,,,,
115,f0119,foto,"demo v3, o flash-forward",21-49-23.JPG,3.0,0.0,502.36,505.36,3.0,3.0,Zoom in,Desejando boa sorte ao pai Finalista,fundo,,,,,,,,
116,f0120,foto,"demo v3, o flash-forward",21-49-24.JPG,3.0,0.0,505.36,508.36,3.0,3.0,Zoom in,,fundo,,,"0.3560,0.5400",,,,,
117,f0353|f0137,lado,"demo v3, o flash-forward",TIAGO_IRMÃO_mae_2016.jpg|21-49-42.JPG,5.0,0.7,507.66,512.66,4.3,3.6,Zoom in,,2v,,,"0.4390,0.5860|",,"[""Com a mãe e o irmão"", ""Com o pai e o irmão""]",,,
118,f0706,foto,"demo v3, o flash-forward",IMG-20260815-WA0002.jpg,4.0,0.7,511.96,515.96,3.3,2.6,Zoom in,Com os sobrinhos Matilde e Miguel,fundo,,,,,,,,
119,f0647,foto,"demo v3, o flash-forward",0e3b4981-ab0f-46c8-8882-719adb058f35.jpeg,4.0,0.7,515.26,519.26,3.3,2.6,Zoom in,Com os sobrinhos Martim e Leonor,fundo,,,,,,,,
120,f0121,foto,"demo v3, o flash-forward",21-49-26.JPG,4.0,0.7,518.56,522.56,3.3,2.6,Zoom in,Com a família paterna,fundo,,,,,,,,
121,,cartao,"demo v3, o flash-forward",,3.6,0.7,521.86,525.46,2.9,2.2,Zoom in,Amigos,fiel,,,,,,,,
122,f0089,foto,"demo v3, o flash-forward",21-45-10.jpg,4.0,0.7,524.76,528.76,3.3,2.6,Zoom in,As amigas de sempre,fundo,,,,,,,,
123,f0090,foto,"demo v3, o flash-forward",21-45-11.jpg,4.0,0.7,528.06,532.06,3.3,2.6,Zoom in,Farmácia vs Direito vs Bioquímica vs Engenharia,fundo,,,,,,,,
124,f0732,foto,"demo v3, o flash-forward",WhatsApp Image 2026-10-03 at 03.41.27.jpeg,4.0,0.7,531.36,535.36,3.3,2.6,Zoom in,,fundo,,,,,,,,
125,f0733,foto,"demo v3, o flash-forward",WhatsApp Image 2026-10-03 at 03.42.25.jpeg,4.0,0.7,534.66,538.66,3.3,2.6,Zoom in,Uma amizade com mais de 15 anos,fundo,,,,,,,,
126,f0734,foto,"demo v3, o flash-forward",WhatsApp Image 2026-10-03 at 03.43.00.jpeg,4.0,0.7,537.96,541.96,3.3,2.6,Zoom in,,fundo,,,,,,,,
127,f0546,foto,"demo v3, o flash-forward",IMG_8991.JPG,4.0,0.7,541.26,545.26,3.3,2.6,Zoom in,,fundo,,,,,,,,
128,f0344,foto,"demo v3, o flash-forward",DSC00781.JPG,4.0,0.7,544.56,548.56,3.3,2.6,Zoom in,,fundo,,,,,,,,
129,f0245,foto,"demo v3, o flash-forward",DSC02999.JPG,4.0,0.7,547.86,551.86,3.3,2.6,Zoom in,,fundo,,,,,,,,
130,f0290,foto,"demo v3, o flash-forward",IMG_9013.JPG,4.0,0.7,551.16,555.16,3.3,2.6,Zoom in,Amigas FDUP,fundo,,,,,,,,
131,f0094|f0167,lado,"demo v3, o flash-forward",21-45-19.jpg|448_ML_FestaNatal2024.jpg,5.0,0.7,554.46,559.46,4.3,3.6,Zoom in,Inês e Francisca,2v,,,"0.4510,0.5170|",,,,,
132,f0310,foto,"demo v3, o flash-forward",2016_tIAGO_AMIGOS_FACULDADE_2_ficar_ape-nas_com_a_foto_no_canto_superior_esquerdo_onde_esta_o tiago.jpg,4.0,0.7,558.76,562.76,3.3,2.6,Zoom in,Amigas FEP,fundo,,,,,,,,
133,f0705,foto,"demo v3, o flash-forward",IMG-20260704-WA0009.jpg,4.0,0.7,562.06,566.06,3.3,2.6,Zoom in,,fundo,,,,,,,,
134,f0710,foto,"demo v3, o flash-forward",IMG-20260918-WA0005.jpg,4.0,0.7,565.36,569.36,3.3,2.6,Zoom in,Pedro Jesus,fundo,,,,,,,,
135,,cartao,"demo v3, o flash-forward",,3.6,0.7,568.66,572.26,2.9,2.2,Zoom in,Atualidade,fiel,,,,,,,,
136,f0413,foto,"demo v3, o flash-forward",20220103_155031.jpg,4.0,0.7,571.56,575.56,3.3,2.6,Zoom in,Compra da primeira casa,fundo,,,,,,,,
137,f0208,foto,"demo v3, o flash-forward",82-6.jpg,4.0,0.7,574.86,578.86,3.3,2.6,Zoom in,,fundo,,,,,,,,
138,f0735,foto,"demo v3, o flash-forward",WhatsApp Image 2026-10-03 at 04.14.02.jpeg,4.0,0.7,578.16,582.16,3.3,2.6,Zoom in,,fundo,,,,,,,,
139,f0741,foto,"demo v3, o flash-forward",WhatsApp Image 2026-10-03 at 04.31.07.jpeg,4.0,0.7,581.46,585.46,3.3,2.6,Zoom in,,fundo,,,,,,,,
140,f0738,foto,"demo v3, o flash-forward",WhatsApp Image 2026-10-03 at 04.29.17.jpeg,4.0,0.7,584.76,588.76,3.3,2.6,Zoom in,,fundo,,,,,,,,
141,f0207,foto,"demo v3, o flash-forward",82-59.JPG,4.0,0.7,588.06,592.06,3.3,2.6,Zoom in,,fundo,,,,,,,,
142,f0739,foto,"demo v3, o flash-forward",WhatsApp Image 2026-10-03 at 04.29.45.jpeg,4.0,0.7,591.36,595.36,3.3,2.6,Zoom in,,fundo,,,,,,,,
143,f0740,foto,"demo v3, o flash-forward",WhatsApp Image 2026-10-03 at 04.30.29.jpeg,4.0,0.7,594.66,598.66,3.3,2.6,Zoom in,,fundo,,,,,,,,
144,f0260,foto,"demo v3, o flash-forward",IMG_2067.jpeg,4.0,0.7,597.96,601.96,3.3,2.6,Zoom in,,fundo,,,"0.3930,0.7410",,,,,
145,,contador,"demo v3, o flash-forward",,16.0,0.7,601.26,617.26,15.3,14.6,Nenhum,2023>04/10/2026~3.0,fiel,,,,,,,,
