ficheiro,caminho,quando_s,in_s,dura_s,ganho,nota,subida,sai_s,cauda
Lang Lang - Beauty and the Beast (From Lang Lang Plays Disney  Live).mp3,C:/casamento-video-media/trabalho\02-NOVAS-MÚSICAS\Lang Lang - Beauty and the Beast (From Lang Lang Plays Disney  Live).mp3,0.0,5.45,26.7,1.0,da abertura ate ao nascimento do Tiago,0.03,,
rebobinar.wav,C:/casamento-video-media/gerados\rebobinar.wav,2.7,0.0,3.78,1.15,fita a rebobinar,,,
Candidato a vereador.mp3,C:\casamento-video-media\trabalho\00-ORIGINAL-MAE\wetransfer_ana-faria-clara-mp3_2026-09-10_1128\Candidato a vereador.mp3,26.7,173.7,7.5,2.0,"foguetes, nascimento do Tiago",,,
O Rei Leão (PT-PT) Ciclo Sem Fim.mp3,C:/casamento-video-media/trabalho\02-NOVAS-MÚSICAS\O Rei Leão (PT-PT) Ciclo Sem Fim.mp3,33.2,0.0,50.1,1.05,"Rei Leao, do nascimento do Tiago ate ao da Clara",,,
Lang Lang - Beauty and the Beast (From Lang Lang Plays Disney  Live).mp3,C:/casamento-video-media/trabalho\02-NOVAS-MÚSICAS\Lang Lang - Beauty and the Beast (From Lang Lang Plays Disney  Live).mp3,83.3,32.15,11.55,1.0,"retoma a musica da abertura onde parou, na fita que volta antes da Clara",,,
Candidato a vereador.mp3,C:\casamento-video-media\trabalho\00-ORIGINAL-MAE\wetransfer_ana-faria-clara-mp3_2026-09-10_1128\Candidato a vereador.mp3,94.85,173.7,7.5,2.0,"foguetes, nascimento da Clara",,,
Ana Faria - Clara.mp3,C:\casamento-video-media\trabalho\00-ORIGINAL-MAE\wetransfer_ana-faria-clara-mp3_2026-09-10_1128\Ana Faria - Clara.mp3,101.35,6.0,100.2,1.0,a musica da Clarinha que a mae dela pos,,,
Gilbert O`Sullivan - CLAIR - ( The Sweetest `Clair ` video Ever !) - And Clair answers back !.mp3,C:/casamento-video-media/trabalho\00-ORIGINAL-MAE\wetransfer_ana-faria-clara-mp3_2026-09-10_1128\Gilbert O`Sullivan - CLAIR - ( The Sweetest `Clair ` video Ever !) - And Clair answers back !.mp3,201.55,6.5,22.7,1.0,"marcada na Mesa, no clip das 201.6 s",,28.62,0.40
Baha Men - Who Let The Dogs Out (Lyrics) - Cães.mp3,C:/casamento-video-media/trabalho\02-NOVAS-MÚSICAS\Baha Men - Who Let The Dogs Out (Lyrics) - Cães.mp3,224.25,1.69,43.4,1.0,"marcada na Mesa, no clip das 224.2 s",0.03,45.86,0.20
Tokyo Drift - Teriyaki Boyz [ MUSIC VIDEO ] HD.mp3,C:/casamento-video-media/trabalho\02-NOVAS-MÚSICAS\Tokyo Drift - Teriyaki Boyz [ MUSIC VIDEO ] HD.mp3,267.65,0.64,28.9,1.0,"marcada na Mesa, no clip das 267.6 s",0.03,,
Tiago Celebration Song (Reggae).mp3,C:\casamento-video-media\trabalho\00-ORIGINAL-MAE\wetransfer_ana-faria-clara-mp3_2026-09-10_1128\Tiago Celebration Song (Reggae).mp3,296.55,0.81,69.3,1.0,"marcada na Mesa, no clip das 296.6 s",0.03,,
Antonio variações - o corpo é que paga ( semi-original ) - Exercicio.mp3,C:/casamento-video-media/trabalho\02-NOVAS-MÚSICAS\Antonio variações - o corpo é que paga ( semi-original ) - Exercicio.mp3,365.85,2.44,43.7,1.0,"marcada na Mesa, no clip das 365.9 s",,47.28,0.30
Inês Homem de Melo – Fome de Viagem (Music Video).mp3,C:/casamento-video-media/trabalho\02-NOVAS-MÚSICAS\Inês Homem de Melo – Fome de Viagem (Music Video).mp3,409.55,2.7,25.8,1.0,"marcada na Mesa, no clip das 409.6 s",0.03,28.20,0.60
Já Sei Namorar - Tribalistas.mp3,C:/casamento-video-media/trabalho\02-NOVAS-MÚSICAS\Já Sei Namorar - Tribalistas.mp3,435.35,34.9,70.3,1.0,"marcada na Mesa, no clip das 435.4 s",0.03,,
Steppenwolf - Born To Be Wild (Lyrics).mp3,C:/casamento-video-media/trabalho\02-NOVAS-MÚSICAS\Steppenwolf - Born To Be Wild (Lyrics).mp3,505.65,0.55,40.5,1.0,"marcada na Mesa, no clip das 505.7 s",0.03,40.78,0.12
Filhos Do Dragão - Letra e Musica - Porto.mp3,C:/casamento-video-media/trabalho\02-NOVAS-MÚSICAS\Filhos Do Dragão - Letra e Musica - Porto.mp3,546.15,7.0,29.3,1.0,"marcada na Mesa, no clip das 546.2 s",0.30,37.24,0.80
Queen - Friends Will Be Friends (Lyrics).mp3,C:/casamento-video-media/trabalho\02-NOVAS-MÚSICAS\Queen - Friends Will Be Friends (Lyrics).mp3,575.45,28.0,59.6,1.0,"marcada na Mesa, no clip das 575.5 s",2.20,,
Bachman Turner Overdrive-Taking care of business_62s.mp3,C:/casamento-video-media/trabalho\02-NOVAS-MÚSICAS\Bachman Turner Overdrive-Taking care of business_62s.mp3,635.05,60.8,63.3,1.0,"marcada na Mesa, no clip das 635.0 s",,,
