id,origem,ficheiro,ssim_cara,detalhe_cara,ssim_total,detalhe_total,caras,caixa
f0012,lanczos,1 (2).jpg,0.9749,0.822,0.9693,0.790,1,121;295;329;329
f0230,lanczos,9-25.jpg,0.9768,0.931,0.9753,0.886,2,406;786;77;77
f0351,lanczos,1996_tiago_e_irmao_mais_velho.jpg,0.9779,0.849,0.9738,0.860,2,568;311;214;214
f0025,lanczos,11-15.jpg,0.9799,0.860,0.9710,0.850,3,427;383;78;78
f0175,lanczos,7.jpg,0.9814,0.845,0.9829,0.865,1,386;423;67;67
f0003,lanczos,10-3.jpg,0.9817,0.850,0.9829,0.863,1,68;124;222;222
f0327,lanczos,2015_cLARA_E_TIAGO_30agosto.jpg,0.9818,0.864,0.9861,0.894,2,570;193;431;431
f0354,lanczos,2014_Clara_Tiago_Praia_Mia_cadela_clara.jpg,0.9829,0.833,0.9764,0.816,2,933;322;238;238
f0030,lanczos,11-7.jpg,0.9839,0.903,0.9815,0.877,1,226;105;135;135
f0452,lanczos,Digitalizar0008.jpg,0.9843,0.931,0.9727,0.885,2,53;682;70;70
f0032,lanczos,11-9.jpg,0.9844,0.816,0.9852,0.862,2,658;342;335;335
f0105,lanczos,21-48.jpg,0.9845,0.802,0.9787,0.798,5,416;295;119;119
f0024,lanczos,11-14.jpg,0.9846,0.861,0.9879,0.872,4,280;559;71;71
f0125,lanczos,21-49-3.jpg,0.9851,0.818,0.9811,0.816,1,270;280;159;159
f0115,lanczos,21-49-2.jpg,0.9851,0.808,0.9854,0.837,1,127;116;95;95
f0104,lanczos,21-47.jpg,0.9859,0.900,0.9809,0.881,1,225;390;272;272
f0521,lanczos,IMG-20240406-WA0001.jpg,0.9860,0.929,0.9867,0.900,4,327;611;70;70
f0107,lanczos,21-49-11.jpg,0.9864,0.825,0.9845,0.840,1,726;149;132;132
f0353,lanczos,TIAGO_IRMÃO_mae_2016.jpg,0.9865,0.919,0.9861,0.919,4,157;272;291;291
f0186,lanczos,8.jpg,0.9872,0.849,0.9825,0.821,1,484;133;440;440
f0151,lanczos,21-49-6.jpg,0.9878,0.855,0.9860,0.853,1,868;293;78;78
f0254,lanczos,IMG-20250305-WA0113.jpg,0.9882,0.903,0.9803,0.853,7,444;468;75;75
f0013,lanczos,10-1 (2).jpg,0.9882,0.867,0.9866,0.874,3,378;249;88;88
f0029,lanczos,11-6.jpg,0.9890,0.879,0.9842,0.874,2,156;272;130;130
f0031,lanczos,11-8.jpg,0.9891,0.888,0.9845,0.867,2,111;228;154;154
f0160,lanczos,21-60.jpg,0.9894,0.884,0.9872,0.859,1,41;148;64;64
f0016,lanczos,10-4.jpg,0.9895,0.883,0.9876,0.877,3,682;618;153;153
f0449,lanczos,Clara x3 (11).jpg,0.9900,0.953,0.9881,0.922,1,469;346;465;465
f0153,lanczos,21-49.jpg,0.9900,0.885,0.9813,0.829,2,550;363;142;142
f0111,lanczos,21-49-15.JPG,0.9907,0.931,0.9906,0.938,3,382;294;196;196
f0565,lanczos,digitalizar0005 (3).jpg,0.9908,0.901,0.9886,0.870,2,1009;300;105;105
f0045,lanczos,20-4.png,0.9910,0.900,0.9907,0.903,1,1456;206;67;67
f0027,lanczos,11-4.JPG,0.9911,0.901,0.9830,0.834,2,571;292;67;67
f0170,lanczos,5-3.jpg,0.9917,0.907,0.9812,0.854,1,193;168;138;138
f0519,lanczos,IMG-20231225-WA0001.jpg,0.9917,0.940,0.9928,0.950,1,166;134;337;337
f0659,lanczos,38411954_1089090207922313_3133676772738990080_n.jpg,0.9918,0.935,0.9896,0.905,9,610;405;75;75
f0106,lanczos,21-49-10.jpg,0.9920,0.882,0.9837,0.832,1,321;479;67;67
f0297,lanczos,Scanner_20260606 (17).jpg,0.9921,0.934,0.9906,0.916,1,276;171;384;384
f0312,lanczos,2016_tIAGO_ANDEBOL_FACULDADE.jpg,0.9924,0.897,0.9913,0.880,3,923;344;69;69
f0162,lanczos,21-8.jpg,0.9924,0.970,0.9890,0.943,1,743;285;182;182
f0103,lanczos,21-46.jpg,0.9924,0.902,0.9909,0.895,1,146;205;246;246
f0231,lanczos,9-26.JPG,0.9925,0.917,0.9858,0.854,1,510;111;86;86
f0344,lanczos,DSC00781.JPG,0.9932,0.881,0.9904,0.868,4,311;267;111;111
f0028,lanczos,11-5.jpg,0.9943,0.887,0.9932,0.885,2,426;159;188;188
f0337,lanczos,2015_CLARA_TIAGO_AMIGOS_SECUNDARIO_2.jpg,0.9944,0.905,0.9937,0.889,5,377;245;102;102
f0336,lanczos,2015_CLARA_TIAGO_AMIGOS_SECUNDARIO.jpg,0.9972,0.994,0.9969,0.979,4,28;196;181;181
f0004,original,10-5.JPG,1.0000,1.000,1.0000,1.000,1,1108;1086;410;410
f0021,original,11-10.JPG,1.0000,1.000,1.0000,1.000,4,253;713;96;96
f0023,original,11-13.jpg,1.0000,1.000,1.0000,1.000,3,2773;1218;90;90
f0033,original,11.jpg,1.0000,1.000,1.0000,1.000,2,367;136;226;226
f0038,original,185.JPG,1.0000,1.000,1.0000,1.000,13,1324;573;71;71
f0039,original,19-1.JPG,1.0000,1.000,1.0000,1.000,1,1451;1324;385;385
f0046,original,20.JPG,1.0000,1.000,1.0000,1.000,1,1248;2156;94;94
f0047,original,200_ML_FestaNatal2022.jpg,1.0000,1.000,1.0000,1.000,12,602;506;413;413
f0052,original,20260101_011410.jpg,1.0000,1.000,1.0000,1.000,4,786;1303;169;169
f0053,original,20260101_011607.jpg,1.0000,1.000,1.0000,1.000,5,1789;2319;147;147
f0083,original,21-4.JPG,1.0000,1.000,1.0000,1.000,7,2939;571;330;330
f0108,original,21-49-12.jpg,1.0000,1.000,1.0000,1.000,1,1097;507;450;450
f0118,original,21-49-22.JPG,1.0000,1.000,1.0000,1.000,4,734;1262;102;102
f0119,original,21-49-23.JPG,1.0000,1.000,1.0000,1.000,1,606;1237;86;86
f0122,original,21-49-27.JPG,1.0000,1.000,1.0000,1.000,4,2403;833;277;277
f0123,original,21-49-28.JPG,1.0000,1.000,1.0000,1.000,6,2210;72;74;74
f0124,original,21-49-29.JPG,1.0000,1.000,1.0000,1.000,1,1435;778;533;533
f0126,original,21-49-30.JPG,1.0000,1.000,1.0000,1.000,6,675;1267;70;70
f0127,original,21-49-31.JPG,1.0000,1.000,1.0000,1.000,1,1881;901;415;415
f0130,original,21-49-34.JPG,1.0000,1.000,1.0000,1.000,2,444;2997;77;77
f0131,original,21-49-36.JPG,1.0000,1.000,1.0000,1.000,4,758;679;1158;1158
f0132,original,21-49-38.JPG,1.0000,1.000,1.0000,1.000,2,119;455;86;86
f0133,original,21-49-39.JPG,1.0000,1.000,1.0000,1.000,1,1599;388;340;340
f0135,original,21-49-40.JPG,1.0000,1.000,1.0000,1.000,1,3796;1030;717;717
f0136,original,21-49-41.JPG,1.0000,1.000,1.0000,1.000,1,3069;928;511;511
f0137,original,21-49-42.JPG,1.0000,1.000,1.0000,1.000,5,398;1502;306;306
f0141,original,21-49-46.jpg,1.0000,1.000,1.0000,1.000,2,4344;1532;221;221
f0142,original,21-49-47.jpeg,1.0000,1.000,1.0000,1.000,1,1281;2234;386;386
f0148,original,21-49-56.jpg,1.0000,1.000,1.0000,1.000,3,1045;584;164;164
f0155,original,21-50.JPG,1.0000,1.000,1.0000,1.000,5,4078;13;64;64
f0159,original,21-6.jpg,1.0000,1.000,1.0000,1.000,2,506;1310;96;96
f0161,original,21-7.JPG,1.0000,1.000,1.0000,1.000,4,1311;1464;302;302
f0169,original,5 (2).jpg,1.0000,1.000,1.0000,1.000,1,404;191;310;310
f0194,original,82-27.jpeg,1.0000,1.000,1.0000,1.000,3,1500;2207;106;106
f0196,original,82-31.JPG,1.0000,1.000,1.0000,1.000,7,949;119;66;66
f0199,original,82-37.jpeg,1.0000,1.000,1.0000,1.000,2,1180;1539;139;139
f0213,original,9-14.JPG,1.0000,1.000,1.0000,1.000,1,1672;398;447;447
f0216,original,9-15-4.jpg,1.0000,1.000,1.0000,1.000,1,2661;1446;405;405
f0218,original,9-16.JPG,1.0000,1.000,1.0000,1.000,2,2264;2333;79;79
f0225,original,9-24-4.jpeg,1.0000,1.000,1.0000,1.000,1,435;633;125;125
f0228,original,9-24-8.JPG,1.0000,1.000,1.0000,1.000,3,1831;436;92;92
f0232,original,9-27.JPG,1.0000,1.000,1.0000,1.000,3,418;1352;68;68
f0235,original,9-5.JPG,1.0000,1.000,1.0000,1.000,3,1965;966;67;67
f0236,original,9.1.jpg,1.0000,1.000,1.0000,1.000,1,172;221;345;345
f0239,original,A Happy Year (16).jpg,1.0000,1.000,1.0000,1.000,1,1124;328;807;807
f0247,original,DSC09844.JPG,1.0000,1.000,1.0000,1.000,2,888;450;1203;1203
f0248,original,DSC_0041.JPG,1.0000,1.000,1.0000,1.000,3,3399;794;77;77
f0250,original,DSCN3008.JPG,1.0000,1.000,1.0000,1.000,4,635;2578;72;72
f0255,original,IMG-20260513-WA0016.jpg,1.0000,1.000,1.0000,1.000,3,446;429;113;113
f0260,original,IMG_2067.jpeg,1.0000,1.000,1.0000,1.000,4,1796;585;152;152
f0261,original,IMG_2523.jpeg,1.0000,1.000,1.0000,1.000,4,1009;2677;184;184
f0271,original,IMG_4277 (3) (1).jpg,1.0000,1.000,1.0000,1.000,3,813;1855;72;72
f0274,original,IMG_4477.JPG,1.0000,1.000,1.0000,1.000,1,1560;1944;102;102
f0275,original,IMG_4490 (16).jpg,1.0000,1.000,1.0000,1.000,6,1476;753;213;213
f0278,original,IMG_4541.JPG,1.0000,1.000,1.0000,1.000,4,799;643;208;208
f0279,original,IMG_4542.JPG,1.0000,1.000,1.0000,1.000,4,1635;459;321;321
f0281,original,IMG_4751.JPG,1.0000,1.000,1.0000,1.000,3,2536;1450;381;381
f0282,original,IMG_6240.jpeg,1.0000,1.000,1.0000,1.000,2,1356;1335;330;330
f0284,original,IMG_7790.JPG,1.0000,1.000,1.0000,1.000,2,1153;1143;254;254
f0286,original,IMG_8145.jpeg,1.0000,1.000,1.0000,1.000,2,2272;1708;864;864
f0291,original,IMG_9062.jpeg,1.0000,1.000,1.0000,1.000,2,1103;2123;455;455
f0306,original,WP_20150912_18_28_43_Pro.jpg,1.0000,1.000,1.0000,1.000,1,429;757;325;325
f0317,original,2025_Clara_a_trabalhar_iguaçu.jpg,1.0000,1.000,1.0000,1.000,3,3729;32;95;95
f0319,original,IMG-20220807-WA0105.jpg,1.0000,1.000,1.0000,1.000,2,677;921;69;69
f0329,original,2018_cLARA_E_TIAGO_PASSEIO.jpg,1.0000,1.000,1.0000,1.000,1,678;780;177;177
f0332,original,2011_Tiago_e_clara_aniversario_CLARA_POUCO_ANTES_DE_COMEÇAR_A_NAMORAR.jpg,1.0000,1.000,1.0000,1.000,5,838;582;90;90
f0334,original,2013_Tiago_e_clara_aniversario_gabriel_amigos secundario.jpg,1.0000,1.000,1.0000,1.000,10,993;586;70;70
f0335,original,2013_Tiago_Na_latada_da_Clara_amigos secundario.jpg,1.0000,1.000,1.0000,1.000,4,1079;488;465;465
f0338,original,2015_CLARA_TIAGO_AMIGOS_SECUNDARIO_3.jpg,1.0000,1.000,1.0000,1.000,5,1032;331;93;93
f0346,original,IMG_20260209_172732.jpg,1.0000,1.000,1.0000,1.000,6,1228;1605;293;293
f0357,original,2016_Familia_Tiago_imposicao_insignias.jpg,1.0000,1.000,1.0000,1.000,7,1809;454;211;211
f0358,original,2022_Clara_e_sky.jpg,1.0000,1.000,1.0000,1.000,2,192;801;660;660
f0380,original,20180910_194232.jpg,1.0000,1.000,1.0000,1.000,4,2808;364;98;98
f0387,original,20190628_152510.jpg,1.0000,1.000,1.0000,1.000,3,3212;1628;966;966
f0389,original,20190630_160541.jpg,1.0000,1.000,1.0000,1.000,1,2498;634;98;98
f0404,original,20210214_104230.jpg,1.0000,1.000,1.0000,1.000,1,1760;2513;230;230
f0413,original,20220103_155031.jpg,1.0000,1.000,1.0000,1.000,2,1263;597;276;276
f0415,original,20220430_184146.jpg,1.0000,1.000,1.0000,1.000,18,1496;1287;652;652
f0421,original,20220518_120830.jpg,1.0000,1.000,1.0000,1.000,1,369;712;187;187
f0434,original,20220815_125148.jpg,1.0000,1.000,1.0000,1.000,2,471;3312;86;86
f0438,original,20231217_180159.jpg,1.0000,1.000,1.0000,1.000,2,1752;1312;846;846
f0442,original,20240101_214757.jpg,1.0000,1.000,1.0000,1.000,3,2819;1698;153;153
f0456,original,DSC02944.JPG,1.0000,1.000,1.0000,1.000,2,1545;2597;69;69
f0457,original,DSC02953.JPG,1.0000,1.000,1.0000,1.000,4,1432;941;372;372
f0458,original,DSC02954.JPG,1.0000,1.000,1.0000,1.000,2,879;1088;306;306
f0459,original,DSCN5569.JPG,1.0000,1.000,1.0000,1.000,10,4164;50;71;71
f0460,original,Fred.jpg,1.0000,1.000,1.0000,1.000,1,469;438;525;525
f0506,original,IMG-20200818-WA0017.jpg,1.0000,1.000,1.0000,1.000,2,179;529;573;573
f0514,original,IMG-20230714-WA0010.jpg,1.0000,1.000,1.0000,1.000,14,957;555;72;72
f0523,original,IMG-20240417-WA0017.jpg,1.0000,1.000,1.0000,1.000,6,751;809;281;281
f0533,original,IMG_20140725_185827.jpg,1.0000,1.000,1.0000,1.000,1,833;542;286;286
f0546,original,IMG_8991.JPG,1.0000,1.000,1.0000,1.000,14,4316;1596;202;202
f0547,original,MicrosoftTeams-image (26).jpg,1.0000,1.000,1.0000,1.000,1,1234;838;205;205
f0556,original,20170805175928.jpg,1.0000,1.000,1.0000,1.000,2,932;954;221;221
f0562,original,digitalizar0003 (1).jpg,1.0000,1.000,1.0000,1.000,1,488;203;211;211
f0568,original,DSC02029.JPG,1.0000,1.000,1.0000,1.000,4,2015;997;361;361
f0572,original,DSC06226.JPG,1.0000,1.000,1.0000,1.000,2,1140;2098;146;146
f0573,original,DSC06386.JPG,1.0000,1.000,1.0000,1.000,1,2313;555;69;69
f0580,original,DSCN2158.JPG,1.0000,1.000,1.0000,1.000,1,633;384;114;114
f0583,original,DSCN2875.JPG,1.0000,1.000,1.0000,1.000,14,2412;971;127;127
f0586,original,HPIM0458.JPG,1.0000,1.000,1.0000,1.000,2,1155;358;416;416
f0592,original,IMG_0577.JPG,1.0000,1.000,1.0000,1.000,4,2930;505;118;118
f0593,original,IMG_0622.JPG,1.0000,1.000,1.0000,1.000,4,2852;3;119;119
f0596,original,IMG_3968.JPG,1.0000,1.000,1.0000,1.000,1,2515;1161;235;235
f0598,original,IMG_4098.JPG,1.0000,1.000,1.0000,1.000,2,573;1770;72;72
f0599,original,IMG_4492.JPG,1.0000,1.000,1.0000,1.000,2,1292;1380;253;253
f0647,original,0e3b4981-ab0f-46c8-8882-719adb058f35.jpeg,1.0000,1.000,1.0000,1.000,4,669;763;95;95
f0662,original,CIMG1100.JPG,1.0000,1.000,1.0000,1.000,8,824;60;76;76
f0668,original,DSC_0071.JPG,1.0000,1.000,1.0000,1.000,3,1097;435;125;125
f0673,original,DSC_0147.JPG,1.0000,1.000,1.0000,1.000,5,605;370;70;70
f0695,original,2008_Ericeira_Mae_e_tiago_HPIM4695.JPG,1.0000,1.000,1.0000,1.000,6,331;628;71;71
f0699,original,AASM_NAZARE_CUPImagem 023.jpg,1.0000,1.000,1.0000,1.000,13,546;772;103;103
f0706,original,IMG-20260815-WA0002.jpg,1.0000,1.000,1.0000,1.000,3,736;373;283;283
