id,ordem,bloco,ficheiro,tipo,pessoa,ano,evento,duracao_s,in_s,out_s,movimento,texto_ecra,resolucao_ok,voto_tiago,voto_clara,nota_tiago,nota_clara,estado
f0012,1,1,1 (2).jpg,foto,Clara,1995,"Era clara, e como já estava vaticinado",4,,,Zoom in,,Nao,,,,,
f0041,2,1,2.jpg,foto,Clara,1996,Era muito bem disposta,4,,,Pan D-E,,Nao,,,,,
f0169,3,1,5 (2).jpg,foto,Clara,1996,Era muito bem disposta,4,,,Zoom in,,Nao,,,,,
f0103,4,1,21-46.jpg,foto,Tiago,1996,Foi o segundo filho,4,,,Zoom out,,Nao,,,,,
f0104,5,1,21-47.jpg,foto,Tiago,1997,E era amoroso,4,,,Zoom in,,Nao,,,,,
f0010,6,1,6.jpg,foto,Clara,1997,Muito curiosa,4,,,Zoom out,,Nao,,,,,
f0172,7,1,6.jpg,foto,Clara,1997,Muito curiosa,4,,,Nenhum,,Nao,,,,,
f0009,8,1,5-3.jpg,foto,Clara,1997,"Muito rebelde... (Dizia ""não se mexe""",4,,,Zoom out,,Nao,,,,,
f0105,9,1,21-48.jpg,foto,Tiago,1998,"Com a mãe, o mano e as primas",4,,,Zoom in,,Nao,,,,,
f0175,10,1,7.jpg,foto,Clara,1998,Muito irrequieta,4,,,Zoom out,,Nao,,,,,
f0170,11,1,5-3.jpg,foto,Clara,1998,"Muito rebelde... (Dizia ""não se mexe""",4,,,Zoom in,,Nao,,,,,
f0174,12,1,7-1.jpg,foto,Clara,1999,Clarinha e as pombas,4,,,Zoom out,,Nao,,,,,
f0153,13,1,21-49.jpg,foto,Tiago,1999,E com o pai,4,,,Zoom in,,Nao,,,,,
f0186,14,1,8.jpg,foto,Clara,1999,"Era endiabrada, mas também encantadora",4,,,Nenhum,,Nao,,,,,
f0230,15,1,9-25.jpg,foto,Clara,1999,Gostava dos bichinhos todos,4,,,Zoom in,,Nao,,,,,
f0115,16,1,21-49-2.jpg,foto,Tiago,2000,Com a avó Orquídia,4,,,Zoom out,,Nao,,,,,
f0177,17,1,8-3.jpg,foto,Clara,2000,E clarividente,4,,,Zoom in,,Nao,,,,,
f0176,18,1,8-1.jpg,foto,Clara,2000,"Era endiabrada, mas também encantadora",4,,,Zoom out,,Nao,,,,,
f0179,19,1,8-5.jpg,foto,Clara,2001,Desde muito cedo criou uma grande empa,4,,,Zoom in,,Nao,,,,,
f0180,20,1,8-6.jpg,foto,Clara,2001,E logo ganhou um Clube de Fãs,4,,,Pan D-E,,Nao,,,,,
f0181,21,1,8-7.jpg,foto,Clara,2001,Inspirou figuras de estilo,4,,,Nenhum,,Nao,,,,,
f0125,22,1,21-49-3.jpg,foto,Tiago,2001,Primeiro aniversário. O pai faz anos n,4,,,Pan D-E,,Nao,,,,,
f0185,1,2,8-9.jpg,foto,Clara,2002,Conotações,4,,,Pan E-D,,Nao,,,,,
f0182,2,2,8-8.jpg,foto,Clara,2002,Repetições e aliterações,4,,,Pan D-E,,Nao,,,,,
f0134,3,2,21-49-4.jpg,foto,Tiago,2002,Segundo aniversário,4,,,Zoom in,,Nao,,,,,
f0184,4,2,8-9-2.jpg,foto,Clara,2003,Aos 8 anos recebeu o primeiro pedido d,4,,,Zoom out,,Sim,,,,,
f0183,5,2,8-9-1.jpg,foto,Clara,2003,Metáforas e hipérboles,4,,,Zoom in,,Nao,,,,,
f0107,6,2,21-49-11.jpg,foto,Tiago,2004,Terceiro aniversário,4,,,Nenhum,,Nao,,,,,
f0151,7,2,21-49-6.jpg,foto,Tiago,2005,Portugal dos Pequeninos,4,,,Zoom in,Portugal dos Pequeninos,Nao,,,,,
f0236,8,2,9.1.jpg,foto,Clara,2006,Já usou um penteado à Emma Watson,4,,,Zoom out,,Nao,,,,,
f0152,9,2,21-49-8.jpg,foto,Tiago,2006,Portugal dos Pequeninos,4,,,Zoom in,,Nao,,,,,
f0106,10,2,21-49-10.jpg,foto,Tiago,2007,Portugal dos Pequeninos,4,,,Zoom out,,Nao,,,,,
f0108,1,3,21-49-12.jpg,foto,Tiago,2008,Adolescência,4,,,Zoom in,,Sim,,,,,
f0109,2,3,21-49-13 - Cópia - Cópia.JPG,foto,Tiago,2009,Adolescência,4,,,Zoom out,,Sim,,,,,
f0237,3,3,9.4.JPG,foto,Clara,2010,16 anos,4,,,Nenhum,16 anos,Sim,,,,,
f0111,4,3,21-49-15.JPG,foto,Tiago,2010,Adepto do FCP,4,,,Zoom out,,Nao,,,,,
f0099,5,3,21-45-6.jpg,foto,Familia,2010,Com a família paterna / No casamento d,4,,,Zoom in,,Sim,,,,,
f0042,6,3,20-1.jpg,foto,Clara,2011,Aprecia atividades ao ar livre,4,,,Zoom out,,Sim,,,,,
f0113,7,3,21-49-18.JPG,foto,Tiago,2011,Apreciador de música,4,,,Zoom in,,Nao,,,,,
f0083,8,3,21-4.JPG,foto,Clara,2011,Sem comentários,4,,,Zoom out,,Sim,,,,,
f0235,9,3,9-5.JPG,foto,Clara,2012,16 anos,4,,,Zoom in,,Sim,,,,,
f0117,10,3,21-49-21.JPG,foto,Tiago,2012,Apreciador de música,4,,,Nenhum,,Sim,,,,,
f0121,11,3,21-49-26.JPG,foto,Tiago,2012,Com a família paterna,4,,,Zoom in,,Sim,,,,,
f0123,12,3,21-49-28.JPG,foto,Tiago,2012,Com o Marco,4,,,Zoom out,,Sim,,,,,
f0118,13,3,21-49-22.JPG,foto,Tiago,2012,Com o irmão na praxe do... pai,4,,,Pan E-D,,Sim,,,,,
f0116,14,3,21-49-20.JPG,foto,Tiago,2012,De café... (No Majestic),4,,,Zoom out,,Sim,,,,,
f0119,15,3,21-49-23.JPG,foto,Tiago,2012,Desejando boa sorte ao pai Finalista,4,,,Pan E-D,,Sim,,,,,
f0114,16,3,21-49-19.JPG,foto,Tiago,2012,Mas é o primeiro a alinhar nas brincad,4,,,Pan D-E,,Sim,,,,,
f0296,17,3,Porto (10).JPG,foto,Tiago,2012,Mas é o primeiro a alinhar nas brincad,4,,,Nenhum,,Sim,,,,,
f0120,18,3,21-49-24.JPG,foto,Tiago,2012,Numa noite de chuva,4,,,Pan D-E,,Sim,,,,,
f0124,19,3,21-49-29.JPG,foto,Tiago,2012,Pilotando um helicóptero,4,,,Zoom in,,Sim,,,,,
f0004,20,3,10-5.JPG,foto,Familia,2013,"""Pai, põe a mochila, depois levas o sk",4,,,Zoom out,,Sim,,,,,
f0017,21,3,10-5.JPG,foto,Familia,2013,"""Pai, põe a mochila, depois levas o sk",4,,,Zoom in,,Sim,,,,,
f0221,22,3,9-2.jpg,foto,Clara,2013,18 anos,4,,,Zoom out,18 anos,Nao,,,,,
f0126,23,3,21-49-30.JPG,foto,Tiago,2013,Explicando que o 1.º rei de Portugal n,4,,,Zoom in,,Sim,,,,,
f0129,24,3,21-49-33.JPG,foto,Tiago,2013,"Tiago, 2013",4,,,Nenhum,,Nao,,,,,
f0127,25,3,21-49-31.JPG,foto,Tiago,2013,Vendo o mundo de pernas p'ró ar,4,,,Pan E-D,,Sim,,,,,
f0128,26,3,21-49-32.JPG,foto,Tiago,2013,Vendo o mundo de pernas p'ró ar,4,,,Pan D-E,,Sim,,,,,
f0132,27,3,21-49-38.JPG,foto,Tiago,2013,Vendo o mundo de pernas p'ró ar,4,,,Zoom in,,Nao,,,,,
f0158,1,4,21-53.JPG,foto,Ambos,2011,Festa dos 17 anos da Clara,4,,,Zoom out,,Sim,,,,,
f0155,2,4,21-50.JPG,foto,Ambos,2011,"Na Escola Secundária, com 16 anos",4,,,Zoom in,,Sim,,,,,
f0165,3,4,22-5.JPG,foto,Ambos,2012,"O encontro, 2012",4,,,Zoom out,,Sim,,,,,
f0164,1,5,22-2.JPG,foto,Ambos,2013,E le glamour,4,,,Nenhum,,Sim,,,,,
f0150,2,5,21-49-58.JPG,foto,Ambos,2013,L'amour,4,,,Zoom out,,Sim,,,,,
f0239,3,5,A Happy Year (16).jpg,foto,Ambos,2013,"O encontro, 2013",4,,,Zoom in,,Sim,,,,,
f0246,4,5,DSC07594.JPG,foto,Ambos,2013,"O encontro, 2013",4,,,Pan D-E,,Sim,,,,,
f0033,5,5,11.jpg,foto,Familia,2014,Com a mãe,4,,,Zoom in,,Nao,,,,,
f0173,6,5,69916331_2555139434539758_2920736718019624960_n.jpg,foto,Familia,2014,Com a mãe,4,,,Zoom out,,Nao,,,,,
f0040,7,5,19-2.JPG,foto,Clara,2014,E comunicativa (No Rock in Rio Lisboa),4,,,Zoom in,,Sim,,,,,
f0269,8,5,IMG_4073.JPG,foto,Ambos,2014,E o fétiche por óculos,4,,,Nenhum,,Sim,,,,,
f0135,9,5,21-49-40.JPG,foto,Tiago,2014,Ensaiando uma coreografia com o irmão,4,,,Zoom in,,Sim,,,,,
f0136,10,5,21-49-41.JPG,foto,Tiago,2014,Ensaiando uma coreografia com o irmão,4,,,Zoom out,,Sim,,,,,
f0137,11,5,21-49-42.JPG,foto,Tiago,2014,Ensaiando uma coreografia com o irmão,4,,,Zoom in,,Sim,,,,,
f0130,12,5,21-49-34.JPG,foto,Tiago,2014,No casamento da mãe,4,,,Zoom out,,Sim,,,,,
f0188,13,5,82-1.JPG,foto,Ambos,2014,"O encontro, 2014",4,,,Zoom in,,Sim,,,,,
f0244,14,5,DSC00093.JPG,foto,Ambos,2014,"O encontro, 2014",4,,,Zoom out,,Sim,,,,,
f0133,15,5,21-49-39.JPG,foto,Tiago,2014,Pilotando um trenó,4,,,Nenhum,,Sim,,,,,
f0247,16,5,DSC09844.JPG,foto,,2014,Por classificar,4,,,Zoom out,,Sim,,,,,
f0250,17,5,DSCN3008.JPG,foto,,2014,"sem contexto, 2014",4,,,Zoom in,,Sim,,,,,
f0160,18,5,21-60.jpg,foto,Ambos,2015,20 anos,4,,,Zoom out,20 anos,Nao,,,,,
f0138,19,5,21-49-43.JPG,foto,Tiago,2015,Assembleia da República,4,,,Zoom in,Assembleia da República,Sim,,,,,
f0027,20,5,11-4.JPG,foto,Familia,2015,Com o Henrique (o mano),4,,,Zoom out,,Nao,,,,,
f0232,21,5,9-27.JPG,foto,Clara,2015,Pelos dela,4,,,Zoom in,,Sim,,,,,
f0122,22,5,21-49-27.JPG,foto,Tiago,2015,"Tiago, 2015",4,,,Nenhum,,Sim,,,,,
f0306,23,5,WP_20150912_18_28_43_Pro.jpg,foto,Tiago,2015,"Tiago, 2015",4,,,Zoom in,,Nao,,,,,
f0046,24,5,20.JPG,foto,Clara,2016,Cena de filme à Marilyn Monroe,4,,,Zoom out,,Sim,,,,,
f0145,25,5,21-49-53.jpg,foto,Amigos,2016,Com a mãe e com a avó,4,,,Zoom in,,Sim,,,,,
f0148,26,5,21-49-56.jpg,foto,Amigos,2016,Com a mãe e com a avó,4,,,Zoom out,,Sim,,,,,
f0144,27,5,21-49-52.JPG,foto,Amigos,2016,Com a mãe no cortejo da Queima das Fit,4,,,Zoom in,,Sim,,,,,
f0131,28,5,21-49-36.JPG,foto,Tiago,2016,"Com a primeira sobrinha, Matilde",4,,,Zoom out,,Sim,,,,,
f0245,29,5,DSC02999.JPG,foto,Amigos,2016,Com amigos da Secundária,4,,,Nenhum,,Sim,,,,,
f0028,30,5,11-5.jpg,foto,Familia,2016,Com o Henrique (o mano),4,,,Zoom out,,Nao,,,,,
f0029,31,5,11-6.jpg,foto,Familia,2016,Com o Henrique (o mano),4,,,Zoom in,,Nao,,,,,
f0243,32,5,DSC00075.JPG,foto,Ambos,2016,"Cumplicidades, 2016",4,,,Zoom out,,Sim,,,,,
f0213,33,5,9-14.JPG,foto,Clara,2016,Foi sempre irreverente,4,,,Zoom in,,Sim,,,,,
f0154,34,5,21-5.JPG,foto,Clara,2016,Mas nem tudo é diversão. Estudando na,4,,,Zoom out,,Sim,,,,,
f0038,35,5,185.JPG,foto,Ambos,2016,"O encontro, 2016",4,,,Zoom in,,Sim,,,,,
f0030,36,5,11-7.jpg,foto,Familia,2017,Com o Henrique (o mano),4,,,Nenhum,,Nao,,,,,
f0161,37,5,21-7.JPG,foto,Clara,2017,Cortejo da Queima das Fitas 2017. Onde,4,,,Zoom in,,Sim,,,,,
f0220,38,5,9-18.JPG,foto,Clara,2017,E de futebolistas,4,,,Zoom out,,Sim,,,,,
f0048,39,5,20170204_200730.jpg,foto,Ambos,2017,"Em comum, também tinham a paixão pelo",4,,,Zoom in,,Sim,,,,,
f0141,40,5,21-49-46.jpg,foto,Tiago,2017,O canoísta,4,,,Pan D-E,,Sim,,,,,
f0050,41,5,20170805181124.jpg,foto,Ambos,2017,"O encontro, 2017",4,,,Zoom in,,Sim,,,,,
f0159,42,5,21-6.jpg,foto,Clara,2017,"Praxe. A alcunha de Caloira era ""Rapun",4,,,Zoom out,,Nao,,,,,
f0049,43,5,20170521_162505.jpg,foto,Tiago,2017,Régua,4,,,Nenhum,Régua,Sim,,,,,
f0189,44,5,82-10.jpg,foto,Ambos,2017,Veneza,4,,,Zoom out,Veneza,Sim,,,,,
f0258,45,5,IMG_0645 (1).jpg,foto,,2017,"sem contexto, 2017",4,,,Pan E-D,,Sim,,,,,
f0166,46,5,30Abril18_125.jpg,foto,Ambos,2018,Baile de Finalistas,4,,,Zoom out,Baile de Finalistas,Sim,,,,,
f0211,47,5,9-12.JPG,foto,Clara,2018,Colaborando com uma estátua viva em Ba,4,,,Zoom in,,Sim,,,,,
f0031,48,5,11-8.jpg,foto,Familia,2018,Com o Henrique (o mano),4,,,Zoom out,,Nao,,,,,
f0032,49,5,11-9.jpg,foto,Familia,2018,Com o Henrique (o mano),4,,,Zoom in,,Nao,,,,,
f0276,50,5,IMG_4490 (3).jpg,foto,Ambos,2018,Cumplicidades,4,,,Nenhum,,Sim,,,,,
f0275,51,5,IMG_4490 (16).jpg,foto,Ambos,2018,"Cumplicidades, 2018",4,,,Zoom in,,Sim,,,,,
f0198,52,5,82-36.JPG,foto,Ambos,2018,"Cumplicidades, 2019",4,,,Zoom out,,Sim,,,,,
f0279,53,5,IMG_4542.JPG,foto,Tiago,2018,E com Ronaldo,4,,,Zoom in,,Sim,,,,,
f0056,54,5,21-10.JPG,foto,Clara,2018,E ganhou o Prémio de Melhor Oradora pe,4,,,Zoom out,,Sim,,,,,
f0163,55,5,21-9.JPG,foto,Clara,2018,Em 2018 foi eleita para representar a,4,,,Zoom in,,Sim,,,,,
f0278,56,5,IMG_4541.JPG,foto,Tiago,2018,"Em Londres, no Museu Madame Tussauds",4,,,Zoom out,,Sim,,,,,
f0218,57,5,9-16.JPG,foto,Clara,2018,Eterna fã do Harry Potter (Local de fi,4,,,Nenhum,,Sim,,,,,
f0284,58,5,IMG_7790.JPG,foto,Clara,2018,Finalista de Direito,4,,,Zoom out,,Sim,,,,,
f0039,59,5,19-1.JPG,foto,Clara,2018,Foi sempre irreverente,4,,,Zoom in,,Sim,,,,,
f0292,60,5,IMG_9097.JPG,foto,Ambos,2018,Gerês,4,,,Zoom out,Gerês,Sim,,,,,
f0248,61,5,DSC_0041.JPG,foto,Ambos,2018,"Imposição de Insígnias. ""Tiago, não ba",4,,,Zoom in,,Sim,,,,,
f0192,62,5,82-2.jpg,foto,Ambos,2018,"Londres, 2018",4,,,Zoom out,"Londres, 2018",Sim,,,,,
f0100,63,5,21-45-8.jpg,foto,Familia,2018,No casamento do primo Filipe / No 99.º,4,,,Zoom in,,Nao,,,,,
f0293,64,5,IMG_9283 (1).jpg,foto,Ambos,2018,"O encontro, 2018",4,,,Nenhum,,Sim,,,,,
f0043,65,5,20-2.JPG,foto,Clara,2018,"Velozes, de preferência",4,,,Zoom in,,Sim,,,,,
f0281,66,5,IMG_4751.JPG,foto,,2018,"sem contexto, 2018",4,,,Zoom out,,Sim,,,,,
f0280,67,5,IMG_4601(7).jpg,foto,Tiago,2019,... De cerveja,4,,,Zoom in,,Sim,,,,,
f0061,68,5,21-12.JPG,foto,Clara,2019,Açores,4,,,Zoom out,Açores,Nao,,,,,
f0062,69,5,21-13.JPG,foto,Clara,2019,Açores,4,,,Zoom in,,Nao,,,,,
f0078,70,5,21-30.JPG,foto,Clara,2019,Bruges,4,,,Zoom out,Bruges,Sim,,,,,
f0267,71,5,IMG_3576.JPG,foto,Tiago,2019,Captando o pôr-de-sol,4,,,Nenhum,,Sim,,,,,
f0021,72,5,11-10.JPG,foto,Familia,2019,Com o Henrique (o mano),4,,,Zoom out,,Sim,,,,,
f0063,73,5,21-15.JPG,foto,Clara,2019,Croácia,4,,,Zoom in,Croácia,Nao,,,,,
f0064,74,5,21-16.JPG,foto,Clara,2019,Croácia,4,,,Zoom out,Croácia,Sim,,,,,
f0079,75,5,21-31.jpg,foto,Clara,2019,Croácia,4,,,Zoom in,,Nao,,,,,
f0265,76,5,IMG_3540.JPG,foto,Tiago,2019,Croácia,4,,,Zoom out,Croácia,Sim,,,,,
f0266,77,5,IMG_3547.JPG,foto,Tiago,2019,Croácia,4,,,Zoom in,,Sim,,,,,
f0273,78,5,IMG_4425.JPG,foto,Ambos,2019,"Cumplicidades, 2018",4,,,Nenhum,,Nao,,,,,
f0271,79,5,IMG_4277 (3) (1).jpg,foto,Ambos,2019,"Cumplicidades, 2019",4,,,Zoom in,,Sim,,,,,
f0219,80,5,9-17.JPG,foto,Clara,2019,"Do ""Game of Thrones"". (Local de filmag",4,,,Zoom out,,Sim,,,,,
f0059,81,5,21-11-3.jpg,foto,Clara,2019,Em Setúbal / Nos Açores,4,,,Zoom in,,Nao,,,,,
f0058,82,5,21-11-2.JPG,foto,Clara,2019,Em Sintra / Em Setúbal,4,,,Zoom out,,Sim,,,,,
f0060,83,5,21-11.jpeg,foto,Clara,2019,"Passeios. O verbo ""ir"" é o que melhor",4,,,Zoom in,,Sim,,,,,
f0277,84,5,IMG_4517.JPG,foto,Tiago,2019,"Tiago, 2019",4,,,Zoom out,,Sim,,,,,
f0257,85,5,IMG_0588.JPG,foto,Tiago,2019,Um dos vários desportos que gosta de p,4,,,Nenhum,,Sim,,,,,
f0205,86,5,82-50.JPG,foto,Ambos,2020,"-És uma workaholic, não és? -Agora não",4,,,Zoom out,,Sim,,,,,
f0202,87,5,82-43.JPG,foto,Ambos,2020,"Cumplicidades, 2019",4,,,Zoom in,,Nao,,,,,
f0139,88,5,21-49-44.JPG,foto,Tiago,2020,Look à Top Gun,4,,,Zoom out,,Sim,,,,,
f0057,89,5,21-11-1.JPG,foto,Clara,2020,Serralves,4,,,Zoom in,Serralves,Sim,,,,,
f0044,90,5,20-3.JPG,foto,Clara,2020,"Velozes, de preferência",4,,,Zoom out,,Sim,,,,,
f0212,91,5,9-13.JPG,foto,Clara,2021,Colaborando com uma estátua viva em Ba,4,,,Zoom in,,Nao,,,,,
f0299,92,5,WhatsApp Image 2021-11-15 at 18.54.22.jpeg,foto,Amigos,2021,Com amigos da Secundária,4,,,Nenhum,,Sim,,,,,
f0252,93,5,Fotos Joana (69).JPG,foto,Ambos,2021,Festa dos 18 anos da Clara,4,,,Zoom in,,Sim,,,,,
f0222,94,5,9-23.JPG,foto,Clara,2021,Gosta de festas,4,,,Zoom out,,Sim,,,,,
f0081,95,5,21-38.jpg,foto,Clara,2022,Caminhadas pelo Parque das Serras do P,4,,,Zoom in,,Sim,,,,,
f0082,96,5,21-39.jpg,foto,Clara,2022,Caminhadas pelo Parque das Serras do P,4,,,Zoom out,,Sim,,,,,
f0087,97,5,21-43.JPG,foto,Clara,2022,"Clara, 2022",4,,,Zoom in,,Sim,,,,,
f0224,98,5,9-24-2.JPG,foto,Clara,2022,"Clara, 2022",4,,,Zoom out,,Sim,,,,,
f0253,99,5,IMG-20221118-WA0013.jpg,foto,Amigos,2022,"Colegas de trabalho (dele), 2025",4,,,Nenhum,,Nao,,,,,
f0073,100,5,21-25.JPG,foto,Clara,2022,"Em Roma, espelho de rua",4,,,Zoom out,,Sim,,,,,
f0074,101,5,21-26.JPG,foto,Clara,2022,Florença,4,,,Zoom in,Florença,Sim,,,,,
f0229,102,5,9-24.JPG,foto,Clara,2022,Gosta de festas,4,,,Zoom out,,Sim,,,,,
f0071,103,5,21-23.jpg,foto,Clara,2022,Na Fontana di Trevi. A Anita Ekberg po,4,,,Zoom in,,Nao,,,,,
f0249,104,5,DSC_7700.JPG,foto,Ambos,2022,Na festa dos 18 anos do Henrique,4,,,Zoom out,,Sim,,,,,
f0263,105,5,IMG_3216.JPG,foto,Tiago,2022,Nova York,4,,,Zoom in,Nova York,Sim,,,,,
f0140,106,5,21-49-45.jpeg,foto,Tiago,2022,O maratonista,4,,,Nenhum,,Nao,,,,,
f0264,107,5,IMG_3461.JPG,foto,Tiago,2022,"Tiago, 2022",4,,,Zoom in,,Sim,,,,,
f0085,108,5,21-41.JPG,foto,Clara,2023,Caminhadas pelo Parque das Serras do P,4,,,Zoom out,,Sim,,,,,
f0088,109,5,21-44.JPG,foto,Clara,2023,"Clara, 2022",4,,,Zoom in,,Sim,,,,,
f0086,110,5,21-42.JPG,foto,Clara,2023,"Clara, 2023",4,,,Zoom out,,Sim,,,,,
f0207,111,5,82-59.JPG,foto,Ambos,2023,"Cumplicidades, 2019",4,,,Zoom in,,Sim,,,,,
f0223,112,5,9-24-1.JPG,foto,Clara,2023,E de convívios,4,,,Zoom out,,Sim,,,,,
f0075,113,5,21-28.jpeg,foto,Clara,2023,Em Londres / Em Nova York,4,,,Nenhum,,Sim,,,,,
f0022,114,5,11-12.JPG,foto,Familia,2023,Em Viena: -Estas sobremesas são bem in,4,,,Zoom out,,Sim,,,,,
f0019,115,5,1021.jpg,foto,Ambos,2023,"Festa de aniversário da Clara, estava",4,,,Zoom in,,Nao,,,,,
f0020,116,5,1031.JPG,foto,Ambos,2023,No Santuário do Bom Jesus de Braga,4,,,Zoom out,,Sim,,,,,
f0227,117,5,9-24-7.JPG,foto,Clara,2023,"Numa viagem de comboio, em férias",4,,,Zoom in,,Sim,,,,,
f0065,118,5,21-17.JPG,foto,Clara,2023,Parlamento de Budapeste,4,,,Zoom out,Parlamento de Budapeste,Sim,,,,,
f0228,119,5,9-24-8.JPG,foto,Clara,2023,"Passeia muito, mas está sempre conecta",4,,,Zoom in,,Sim,,,,,
f0084,120,5,21-40.JPG,foto,,2023,Por classificar,4,,,Nenhum,,Sim,,,,,
f0102,121,5,21-45.JPG,foto,Clara,2024,"Clara, 2022",4,,,Zoom in,,Sim,,,,,
f0096,122,5,21-45-3.JPG,foto,Familia,2024,Com a família materna,4,,,Zoom out,,Sim,,,,,
f0282,123,5,IMG_6240.jpeg,foto,Tiago,2024,E com o Miguel,4,,,Zoom in,,Sim,,,,,
f0070,124,5,21-22.jpeg,foto,Clara,2024,"Em Schwangau, contemplando o Castelo d",4,,,Zoom out,,Sim,,,,,
f0072,125,5,21-24.jpeg,foto,Clara,2024,Em Wurzburg (Ponte Alte Mainbrucke); /,4,,,Zoom in,,Sim,,,,,
f0225,126,5,9-24-4.jpeg,foto,Clara,2024,Gosta de futebol e adora o FCP,4,,,Zoom out,,Nao,,,,,
f0068,127,5,21-20.JPG,foto,Clara,2024,Na Alemanha. Em Dinkelsbuhl,4,,,Nenhum,,Sim,,,,,
f0018,128,5,1021-1.jpg,foto,Ambos,2024,"Os lenços brancos da despedida, depois",4,,,Zoom out,,Nao,,,,,
f0005,129,5,11-13.jpg,foto,Familia,2025,"-Clara, gostas dessa canção do Ed Shee",4,,,Zoom in,,Sim,,,,,
f0023,130,5,11-13.jpg,foto,Familia,2025,"-Clara, gostas dessa canção do Ed Shee",4,,,Zoom out,,Sim,,,,,
f0300,131,5,WhatsApp Image 2025-10-10 at 14.45.56 (1).jpeg,foto,Amigos,2025,A Task Force de Corporate,4,,,Zoom in,,Nao,,,,,
f0301,132,5,WhatsApp Image 2025-10-10 at 14.45.56.jpeg,foto,Amigos,2025,A Task Force de Corporate,4,,,Zoom out,,Nao,,,,,
f0092,133,5,21-45-17.jpeg,foto,Amigos,2025,A verdadeira Claque do FCP,4,,,Zoom in,,Nao,,,,,
f0259,134,5,IMG_1475.jpeg,foto,Amigos,2025,Colegas de trabalho (dela),4,,,Nenhum,,Sim,,,,,
f0254,135,5,IMG-20250305-WA0113.jpg,foto,Amigos,2025,"Colegas de trabalho (dele), 2025",4,,,Zoom in,,Nao,,,,,
f0283,136,5,IMG_6442.JPG,foto,Ambos,2025,"Com o Henrique, em Barcelona",4,,,Zoom out,,Sim,,,,,
f0217,137,5,9-15.JPG,foto,Clara,2025,Com um vendedor de artesanato no vulcã,4,,,Zoom in,,Sim,,,,,
f0035,138,5,182-73.JPG,foto,Ambos,2025,Cumplicidades,4,,,Zoom out,,Sim,,,,,
f0037,139,5,182-76.JPG,foto,Ambos,2025,Cumplicidades,4,,,Zoom in,,Sim,,,,,
f0196,140,5,82-31.JPG,foto,Ambos,2025,Cumplicidades,4,,,Zoom out,,Sim,,,,,
f0201,141,5,82-41.JPG,foto,Ambos,2025,Cumplicidades,4,,,Nenhum,,Sim,,,,,
f0209,142,5,82-7.jpg,foto,Ambos,2025,Cumplicidades,4,,,Zoom out,,Sim,,,,,
f0036,143,5,182-74.JPG,foto,Ambos,2025,"Cumplicidades, 2019",4,,,Zoom in,,Sim,,,,,
f0191,144,5,82-11.jpeg,foto,Ambos,2025,E o fétiche por óculos,4,,,Zoom out,,Sim,,,,,
f0187,145,5,82 - Cópia.jpg,foto,Ambos,2025,Em Barcelona. Escutando as explicações,4,,,Zoom in,,Nao,,,,,
f0194,146,5,82-27.jpeg,foto,Ambos,2025,Em Barcelona. Escutando as explicações,4,,,Zoom out,,Sim,,,,,
f0206,147,5,82-53.JPG,foto,Ambos,2025,Em Barcelona. Escutando as explicações,4,,,Zoom in,,Sim,,,,,
f0287,148,5,IMG_8450.jpeg,foto,Tiago,2025,"Em Buenos Aires, no Bairro La Boca",4,,,Nenhum,,Sim,,,,,
f0295,149,5,IMG_9648.jpeg,foto,Tiago,2025,Empurrando um glaciar (Perito Moreno,4,,,Zoom in,,Sim,,,,,
f0285,150,5,IMG_7886.jpeg,foto,Amigos,2025,Hora de almoço / Com a Inês,4,,,Zoom out,,Sim,,,,,
f0051,151,5,20250608_224334 - Cópia.jpg,foto,Ambos,2025,Jogo do Campeonato da Europa,4,,,Zoom in,,Nao,,,,,
f0195,152,5,82-3.JPG,foto,Ambos,2025,"Londres, 2025",4,,,Zoom out,,Sim,,,,,
f0199,153,5,82-37.jpeg,foto,Ambos,2025,"Londres, 2025",4,,,Zoom in,"Londres, 2025",Sim,,,,,
f0288,154,5,IMG_8594.jpeg,foto,Ambos,2025,Na Argentina. Junto às Cataratas do Ig,4,,,Zoom out,,Sim,,,,,
f0291,155,5,IMG_9062.jpeg,foto,Ambos,2025,"Na Patagónia, junto a uma colónia de p",4,,,Nenhum,,Sim,,,,,
f0066,156,5,21-18.JPG,foto,Clara,2025,Na Sicília. Siracusa; / Em Taormina,4,,,Zoom out,,Sim,,,,,
f0286,157,5,IMG_8145.jpeg,foto,Ambos,2025,No estádio do Boca Juniors,4,,,Zoom in,,Sim,,,,,
f0080,158,5,21-32.jpg,foto,Clara,2025,Nova York,4,,,Zoom out,Nova York,Nao,,,,,
f0142,159,5,21-49-47.jpeg,foto,Tiago,2025,O pacifista,4,,,Zoom in,,Sim,,,,,
f0226,160,5,9-24-5.JPG,foto,Clara,2025,Quando lhe dizem que o FCP vai perder,4,,,Zoom out,,Sim,,,,,
f0289,161,5,IMG_8848.jpeg,foto,Ambos,2025,Ushuaia,4,,,Zoom in,Ushuaia,Sim,,,,,
f0294,162,5,IMG_9594.jpeg,foto,,2025,"sem contexto, 2025",4,,,Nenhum,,Sim,,,,,
f0093,163,5,21-45-18.jpeg,foto,Amigos,2026,A verdadeira Claque do FCP,4,,,Zoom in,,Nao,,,,,
f0262,164,5,IMG_2601.jpeg,foto,Amigos,2026,A verdadeira Claque do FCP,4,,,Zoom out,,Sim,,,,,
f0255,165,5,IMG-20260513-WA0016.jpg,foto,Amigos,2026,"Colegas de trabalho (dele), 2025",4,,,Zoom in,,Sim,,,,,
f0297,166,5,Scanner_20260606 (17).jpg,foto,Ambos,2026,E pelo futebol em geral,4,,,Zoom out,,Nao,,,,,
f0268,167,5,IMG_3835.jpg,foto,Clara,2026,"Em Lanzarote, com Pilar del Río",4,,,Zoom in,,Sim,,,,,
f0274,168,5,IMG_4477.JPG,foto,Clara,2026,"Férias 2026, nas ilhas também se costu",4,,,Zoom out,,Sim,,,,,
f0101,169,5,21-45-9.jpg,foto,Familia,2026,No 99.º Aniversário da avó Maria dos A,4,,,Nenhum,,Sim,,,,,
f0054,170,5,20260623_201228.jpg,foto,Clara,2026,No Mundial de futebol 2026,4,,,Zoom out,,Nao,,,,,
f0261,171,5,IMG_2523.jpeg,foto,Ambos,2026,"O encontro, 2026",4,,,Zoom in,,Sim,,,,,
f0256,172,5,IMG-20260614-WA0013.jpg,foto,Tiago,2026,O maratonista,4,,,Zoom out,,Sim,,,,,
f0270,173,5,IMG_4224.JPG,foto,Familia,2026,"O pai: -Clara, já vais outra vez em ex",4,,,Zoom in,,Sim,,,,,
f0052,174,5,20260101_011410.jpg,foto,Ambos,2026,"Primeiros minutos de 2026, quando foi",4,,,Zoom out,,Sim,,,,,
f0053,175,5,20260101_011607.jpg,foto,Ambos,2026,"Primeiros minutos de 2026, quando foi",4,,,Zoom in,,Sim,,,,,
f0260,176,5,IMG_2067.jpeg,foto,Ambos,2026,"Primeiros minutos de 2026, quando foi",4,,,Nenhum,,Sim,,,,,
f0011,177,5,WhatsApp Image 2026-03-01 at 13.30.02.jpeg,foto,Ambos,2026,"Voo de despedida de solteira, deixaram",4,,,Zoom in,,Nao,,,,,
f0302,178,5,WhatsApp Image 2026-03-01 at 13.30.02.jpeg,foto,Ambos,2026,"Voo de despedida de solteira, deixaram",4,,,Zoom out,,Nao,,,,,
f0304,179,5,WhatsApp Image 2026-08-21 at 16.10.19.jpeg,foto,Ambos,2026,"Voo de despedida de solteira, deixaram",4,,,Zoom in,,Nao,,,,,
f0305,180,5,WhatsApp Image 2026-08-22 at 11.12.02.jpeg,foto,Ambos,2026,"Voo de despedida de solteira, deixaram",4,,,Zoom out,,Nao,,,,,
f0303,181,5,WhatsApp Image 2026-05-02 at 20.16.23.jpeg,foto,,2026,"sem contexto, 2025",4,,,Zoom in,,Nao,,,,,
f0298,182,5,Scanner_20260814.jpg,foto,Clara,2026,É desde sempre apaixonada por cães,4,,,Zoom out,,Nao,,,,,
f0045,1,,20-4.png,foto,Clara,,... E com adrenalina,4,,,Nenhum,,Nao,,,,,
f0233,2,,9-28.JPG,foto,Clara,,... E pelos dos outros,4,,,Zoom out,,Nao,,,,,
f0234,3,,9-29.JPG,foto,Clara,,... E pelos dos outros,4,,,Zoom in,,Nao,,,,,
f0069,4,,21-21.JPG,foto,Clara,,Bratislava,4,,,Zoom out,Bratislava,Sim,,,,,
f0047,5,,200_ML_FestaNatal2022.jpg,foto,Amigos,,Colegas de trabalho (dela),4,,,Zoom in,,Sim,,,,,
f0091,6,,21-45-16.jpeg,foto,Amigos,,Colegas de trabalho (dela),4,,,Pan D-E,,Nao,,,,,
f0168,7,,499_ML_FestaNatal2024.jpg,foto,Amigos,,Colegas de trabalho (dela),4,,,Zoom in,,Sim,,,,,
f0241,8,,content.jpg,foto,Amigos,,Colegas de trabalho (dela),4,,,Nenhum,,Sim,,,,,
f0242,9,,content5.jpg,foto,Amigos,,Colegas de trabalho (dela),4,,,Zoom in,,Nao,,,,,
f0171,10,,6-4.jpg,foto,Amigos,,"Colegas de trabalho (dele), 2025",4,,,Zoom out,,Nao,,,,,
f0167,11,,448_ML_FestaNatal2024.jpg,foto,Amigos,,Com a Francisca,4,,,Zoom in,,Sim,,,,,
f0240,12,,b0773331-cf53-4b1c-bb33-9cbe08cb4031.jpeg,foto,Amigos,,Com a Francisca,4,,,Zoom out,,Nao,,,,,
f0094,13,,21-45-19.jpg,foto,Amigos,,Com a Inês,4,,,Zoom in,,Nao,,,,,
f0097,14,,21-45-4.jpg,foto,Familia,,Com a família materna,4,,,Pan D-E,,Nao,,,,,
f0098,15,,21-45-5.JPG,foto,Familia,,Com a família materna,4,,,Nenhum,,Sim,,,,,
f0055,16,,21-1.JPG,foto,Amigos,,Com as amigas de sempre,4,,,Zoom out,,Sim,,,,,
f0089,17,,21-45-10.jpg,foto,Amigos,,Com as amigas de sempre,4,,,Zoom in,,Nao,,,,,
f0034,18,,1200.jpg,foto,Tiago,,Com o Henrique no Parque Guell,4,,,Zoom out,,Nao,,,,,
f0214,19,,9-15-1.JPG,foto,Clara,,"Com o Miguel Araújo, na Feira do Livro",4,,,Zoom in,,Nao,,,,,
f0024,20,,11-14.jpg,foto,Familia,,Com o mano e a mãe,4,,,Pan D-E,,Nao,,,,,
f0025,21,,11-15.jpg,foto,Familia,,Com o mano e a mãe,4,,,Zoom in,,Nao,,,,,
f0001,22,,10-1 (2).jpg,foto,Familia,,Com o pai. Era pequenina e já lhe dava,4,,,Nenhum,,Nao,,,,,
f0013,23,,10-1 (2).jpg,foto,Familia,,Com o pai. Era pequenina e já lhe dava,4,,,Zoom in,,Nao,,,,,
f0014,24,,10-2.jpg,foto,Familia,,Com o pai. Era pequenina e já lhe dava,4,,,Zoom out,,Nao,,,,,
f0003,25,,10-3.jpg,foto,Familia,,Com o pai. Era pequenina e já lhe dava,4,,,Zoom in,,Nao,,,,,
f0015,26,,10-3.jpg,foto,Familia,,Com o pai. Era pequenina e já lhe dava,4,,,Zoom out,,Nao,,,,,
f0016,27,,10-4.jpg,foto,Familia,,Com o pai. Era pequenina e já lhe dava,4,,,Zoom in,,Nao,,,,,
f0095,28,,21-45-2.jpg,foto,Familia,,Com os padrinhos de batismo e de casam,4,,,Zoom out,,Nao,,,,,
f0197,29,,82-32.JPG,foto,Ambos,,Cumplicidades,4,,,Nenhum,,Nao,,,,,
f0203,30,,82-46.JPG,foto,Ambos,,Cumplicidades,4,,,Zoom out,,Sim,,,,,
f0204,31,,82-48.JPG,foto,Ambos,,Cumplicidades,4,,,Zoom in,,Sim,,,,,
f0208,32,,82-6.jpg,foto,Ambos,,Cumplicidades,4,,,Zoom out,,Sim,,,,,
f0210,33,,82-9.jpg,foto,Ambos,,Cumplicidades,4,,,Zoom in,,Nao,,,,,
f0193,34,,82-25- -2022.JPG,foto,Ambos,,"Cumplicidades, 2019",4,,,Zoom out,,Sim,,,,,
f0146,35,,21-49-54.jpg,foto,Amigos,,E com a Sky,4,,,Zoom in,,Sim,,,,,
f0147,36,,21-49-55.jpg,foto,Amigos,,E com a Sky,4,,,Nenhum,,Sim,,,,,
f0149,37,,21-49-57.jpg,foto,Amigos,,E com a Sky,4,,,Zoom in,,Sim,,,,,
f0026,38,,11-20.jpg,foto,Familia,,E com o pai,4,,,Zoom out,,Nao,,,,,
f0290,39,,IMG_9013.JPG,foto,Amigos,,E da Faculdade,4,,,Zoom in,,Sim,,,,,
f0190,40,,82-11-1.jpg,foto,Ambos,,E o fétiche por óculos,4,,,Zoom out,,Nao,,,,,
f0200,41,,82-4.jpg,foto,Ambos,,E pelo futebol em geral,4,,,Zoom in,,Sim,,,,,
f0272,42,,IMG_4362.JPG,foto,Clara,,Em Frankfurt / Em Bratislava,4,,,Zoom out,,Sim,,,,,
f0251,43,,DSCN7849.JPG,foto,Tiago,,"Em Zagreb, no estádio Maksimir",4,,,Nenhum,,Sim,,,,,
f0090,44,,21-45-11.jpg,foto,Amigos,,Farmácia vs Direito vs Bioquímica vs E,4,,,Zoom out,,Nao,,,,,
f0157,45,,21-52.JPG,foto,Ambos,,Festa dos 17 anos da Clara,4,,,Zoom in,,Sim,,,,,
f0143,46,,21-49-51.jpg,foto,Tiago,,Look à Top Gun,4,,,Zoom out,,Nao,,,,,
f0156,47,,21-51.JPG,foto,Ambos,,Na aula de Biologia,4,,,Zoom in,,Sim,,,,,
f0215,48,,9-15-2.jpg,foto,Clara,,Numa Ação de Voluntariado Morais Leitã,4,,,Zoom out,,Nao,,,,,
f0067,49,,21-2.jpg,foto,Clara,,"Não gosta de perder, nem a feijões. Pr",4,,,Zoom in,,Nao,,,,,
f0216,50,,9-15-4.jpg,foto,Clara,,Orgulhosa do primeiro automóvel. Com e,4,,,Nenhum,,Sim,,,,,
f0231,51,,9-26.JPG,foto,Clara,,Pelos dela,4,,,Zoom in,,Nao,,,,,
f0002,52,,10-1.jpg,foto,,,Por classificar,4,,,Zoom out,,Nao,,,,,
f0006,53,,11-3 - Cópia.JPG,foto,,,Por classificar,4,,,Zoom in,,Nao,,,,,
f0007,54,,11-3.JPG,foto,,,Por classificar,4,,,Zoom out,,Nao,,,,,
f0110,55,,21-49-13 - Cópia.JPG,foto,,,Por classificar,4,,,Zoom in,,Sim,,,,,
f0008,56,,21-49-13.JPG,foto,,,Por classificar,4,,,Zoom out,,Sim,,,,,
f0162,57,,21-8.jpg,foto,,,Por classificar,4,,,Nenhum,,Nao,,,,,
f0178,58,,8-4.jpg,foto,,,Por classificar,4,,,Zoom out,,Nao,,,,,
f0238,59,,977af8a4-c485-48a1-ac39-83ee76f6bc02.jpeg,foto,,,Por classificar,4,,,Zoom in,,Nao,,,,,
f0077,60,,21-3.jpg,foto,Clara,,Sem medos... / Sem comentários,4,,,Zoom out,,Nao,,,,,
f0076,61,,21-29.jpeg,foto,Clara,,Taormina,4,,,Zoom in,Taormina,Sim,,,,,
f0112,62,,21-49-16.JPG,foto,Tiago,,É um rapaz ponderado e cedo aprendeu a,4,,,Zoom out,,Sim,,,,,
