id,ficheiro,final,origem,mudou_pct
f0001,10-1 (2).jpg,f0001__10-1 (2).jpg,IA,1.54
f0002,10-1.jpg,10-1.jpg,IA,1.54
f0003,10-3.jpg,f0003__10-3.jpg,lanczos,0.54
f0004,10-5.JPG,f0004__10-5.JPG,original,0.00
f0005,11-13.jpg,f0005__11-13.jpg,original,0.00
f0006,11-3 - Cópia.JPG,11-3 - Cópia.jpg,lanczos,0.50
f0007,11-3.JPG,11-3.jpg,lanczos,0.50
f0008,21-49-13.JPG,21-49-13.JPG,original,0.00
f0009,5-3.jpg,f0009__5-3.jpg,lanczos,0.55
f0010,6.jpg,f0010__6.jpg,lanczos,0.56
f0011,WhatsApp Image 2026-03-01 at 13.30.02.jpeg,f0011__WhatsApp Image 2026-03-01 at 13.30.02.jpg,lanczos,0.27
f0012,1 (2).jpg,1 (2).jpg,lanczos,0.54
f0013,10-1 (2).jpg,f0013__10-1 (2).jpg,IA,1.58
f0014,10-2.jpg,10-2.jpg,IA,1.62
f0015,10-3.jpg,f0015__10-3.jpg,lanczos,0.53
f0016,10-4.jpg,10-4.jpg,IA,1.30
f0017,10-5.JPG,f0017__10-5.JPG,original,0.00
f0018,1021-1.jpg,1021-1.jpg,IA,1.25
f0019,1021.jpg,1021.jpg,lanczos,0.43
f0020,1031.JPG,1031.JPG,original,0.00
f0021,11-10.JPG,11-10.JPG,original,0.00
f0022,11-12.JPG,11-12.JPG,original,0.00
f0023,11-13.jpg,f0023__11-13.jpg,original,0.00
f0024,11-14.jpg,11-14.jpg,IA,1.45
f0025,11-15.jpg,11-15.jpg,lanczos,0.66
f0026,11-20.jpg,11-20.jpg,original,0.00
f0027,11-4.JPG,11-4.jpg,lanczos,0.57
f0028,11-5.jpg,11-5.jpg,IA,1.73
f0029,11-6.jpg,11-6.jpg,lanczos,0.67
f0030,11-7.jpg,11-7.jpg,lanczos,0.55
f0031,11-8.jpg,11-8.jpg,lanczos,0.64
f0032,11-9.jpg,11-9.jpg,lanczos,0.53
f0033,11.jpg,11.jpg,IA,1.33
f0034,1200.jpg,1200.jpg,lanczos,0.50
f0035,182-73.JPG,182-73.JPG,original,0.00
f0036,182-74.JPG,182-74.JPG,original,0.00
f0037,182-76.JPG,182-76.JPG,original,0.00
f0038,185.JPG,185.JPG,original,0.00
f0039,19-1.JPG,19-1.JPG,original,0.00
f0040,19-2.JPG,19-2.JPG,original,0.00
f0041,2.jpg,2.jpg,IA,1.67
f0042,20-1.jpg,20-1.jpg,original,0.00
f0043,20-2.JPG,20-2.JPG,original,0.00
f0044,20-3.JPG,20-3.JPG,original,0.00
f0045,20-4.png,20-4.jpg,IA,0.80
f0046,20.JPG,20.JPG,original,0.00
f0047,200_ML_FestaNatal2022.jpg,200_ML_FestaNatal2022.jpg,original,0.00
f0048,20170204_200730.jpg,f0048__20170204_200730.jpg,original,0.00
f0049,20170521_162505.jpg,20170521_162505.jpg,original,0.00
f0050,20170805181124.jpg,f0050__20170805181124.jpg,original,0.00
f0051,20250608_224334 - Cópia.jpg,20250608_224334 - Cópia.jpg,original,0.00
f0052,20260101_011410.jpg,20260101_011410.jpg,original,0.00
f0053,20260101_011607.jpg,20260101_011607.jpg,original,0.00
f0054,20260623_201228.jpg,20260623_201228.jpg,original,0.00
f0055,21-1.JPG,21-1.JPG,original,0.00
f0056,21-10.JPG,21-10.JPG,original,0.00
f0057,21-11-1.JPG,21-11-1.JPG,original,0.00
f0058,21-11-2.JPG,21-11-2.JPG,original,0.00
f0059,21-11-3.jpg,21-11-3.jpg,lanczos,0.63
f0060,21-11.jpeg,21-11.jpeg,original,0.00
f0061,21-12.JPG,21-12.jpg,lanczos,0.60
f0062,21-13.JPG,21-13.jpg,lanczos,0.79
f0063,21-15.JPG,21-15.jpg,lanczos,0.64
f0064,21-16.JPG,21-16.JPG,original,0.00
f0065,21-17.JPG,21-17.JPG,original,0.00
f0066,21-18.JPG,21-18.JPG,original,0.00
f0067,21-2.jpg,21-2.jpg,IA,0.79
f0068,21-20.JPG,21-20.JPG,original,0.00
f0069,21-21.JPG,21-21.JPG,original,0.00
f0070,21-22.jpeg,21-22.jpeg,original,0.00
f0071,21-23.jpg,21-23.jpg,original,0.00
f0072,21-24.jpeg,21-24.jpeg,original,0.00
f0073,21-25.JPG,21-25.JPG,original,0.00
f0074,21-26.JPG,21-26.JPG,original,0.00
f0075,21-28.jpeg,21-28.jpeg,original,0.00
f0076,21-29.jpeg,21-29.jpeg,original,0.00
f0077,21-3.jpg,21-3.jpg,IA,0.93
f0078,21-30.JPG,21-30.JPG,original,0.00
f0079,21-31.jpg,21-31.jpg,original,0.00
f0080,21-32.jpg,21-32.jpg,original,0.00
f0081,21-38.jpg,21-38.jpg,original,0.00
f0082,21-39.jpg,21-39.jpg,original,0.00
f0083,21-4.JPG,21-4.JPG,original,0.00
f0084,21-40.JPG,21-40.JPG,original,0.00
f0085,21-41.JPG,21-41.JPG,original,0.00
f0086,21-42.JPG,21-42.JPG,original,0.00
f0087,21-43.JPG,21-43.JPG,original,0.00
f0088,21-44.JPG,21-44.JPG,original,0.00
f0089,21-45-10.jpg,21-45-10.jpg,IA,0.88
f0090,21-45-11.jpg,21-45-11.jpg,IA,1.26
f0091,21-45-16.jpeg,21-45-16.jpg,lanczos,0.48
f0092,21-45-17.jpeg,21-45-17.jpeg,original,0.00
f0093,21-45-18.jpeg,21-45-18.jpeg,original,0.00
f0094,21-45-19.jpg,21-45-19.jpg,IA,0.81
f0095,21-45-2.jpg,21-45-2.jpg,lanczos,0.35
f0096,21-45-3.JPG,21-45-3.JPG,original,0.00
f0097,21-45-4.jpg,21-45-4.jpg,lanczos,0.44
f0098,21-45-5.JPG,21-45-5.JPG,original,0.00
f0099,21-45-6.jpg,21-45-6.jpg,original,0.00
f0100,21-45-8.jpg,21-45-8.jpg,IA,2.72
f0101,21-45-9.jpg,21-45-9.jpg,original,0.00
f0102,21-45.JPG,21-45.JPG,original,0.00
f0103,21-46.jpg,21-46.jpg,IA,1.22
f0104,21-47.jpg,21-47.jpg,lanczos,0.47
f0105,21-48.jpg,21-48.jpg,IA,2.77
f0106,21-49-10.jpg,21-49-10.jpg,IA,1.24
f0107,21-49-11.jpg,21-49-11.jpg,IA,1.03
f0108,21-49-12.jpg,21-49-12.jpg,original,0.00
f0109,21-49-13 - Cópia - Cópia.JPG,21-49-13 - Cópia - Cópia.JPG,original,0.00
f0110,21-49-13 - Cópia.JPG,21-49-13 - Cópia.JPG,original,0.00
f0111,21-49-15.JPG,21-49-15.jpg,lanczos,0.61
f0112,21-49-16.JPG,21-49-16.JPG,original,0.00
f0113,21-49-18.JPG,21-49-18.JPG,original,0.00
f0114,21-49-19.JPG,21-49-19.JPG,original,0.00
f0115,21-49-2.jpg,21-49-2.jpg,IA,1.09
f0116,21-49-20.JPG,21-49-20.JPG,original,0.00
f0117,21-49-21.JPG,21-49-21.JPG,original,0.00
f0118,21-49-22.JPG,21-49-22.JPG,original,0.00
f0119,21-49-23.JPG,21-49-23.JPG,original,0.00
f0120,21-49-24.JPG,21-49-24.JPG,original,0.00
f0121,21-49-26.JPG,21-49-26.JPG,original,0.00
f0122,21-49-27.JPG,21-49-27.JPG,original,0.00
f0123,21-49-28.JPG,21-49-28.JPG,original,0.00
f0124,21-49-29.JPG,21-49-29.JPG,original,0.00
f0125,21-49-3.jpg,21-49-3.jpg,IA,1.76
f0126,21-49-30.JPG,21-49-30.JPG,original,0.00
f0127,21-49-31.JPG,21-49-31.JPG,original,0.00
f0128,21-49-32.JPG,21-49-32.JPG,original,0.00
f0129,21-49-33.JPG,21-49-33.jpg,IA,2.25
f0130,21-49-34.JPG,21-49-34.JPG,original,0.00
f0131,21-49-36.JPG,21-49-36.JPG,original,0.00
f0132,21-49-38.JPG,21-49-38.JPG,original,0.00
f0133,21-49-39.JPG,21-49-39.JPG,original,0.00
f0134,21-49-4.jpg,21-49-4.jpg,IA,1.42
f0135,21-49-40.JPG,21-49-40.JPG,original,0.00
f0136,21-49-41.JPG,21-49-41.JPG,original,0.00
f0137,21-49-42.JPG,21-49-42.JPG,original,0.00
f0138,21-49-43.JPG,21-49-43.JPG,original,0.00
f0139,21-49-44.JPG,21-49-44.JPG,original,0.00
f0140,21-49-45.jpeg,21-49-45.jpeg,original,0.00
f0141,21-49-46.jpg,21-49-46.jpg,original,0.00
f0142,21-49-47.jpeg,21-49-47.jpeg,original,0.00
f0143,21-49-51.jpg,21-49-51.jpg,original,0.00
f0144,21-49-52.JPG,21-49-52.JPG,original,0.00
f0145,21-49-53.jpg,21-49-53.jpg,original,0.00
f0146,21-49-54.jpg,21-49-54.jpg,original,0.00
f0147,21-49-55.jpg,21-49-55.jpg,original,0.00
f0148,21-49-56.jpg,21-49-56.jpg,original,0.00
f0149,21-49-57.jpg,21-49-57.jpg,original,0.00
f0150,21-49-58.JPG,21-49-58.JPG,original,0.00
f0151,21-49-6.jpg,21-49-6.jpg,IA,1.15
f0152,21-49-8.jpg,21-49-8.jpg,IA,1.29
f0153,21-49.jpg,21-49.jpg,IA,1.06
f0154,21-5.JPG,21-5.JPG,original,0.00
f0155,21-50.JPG,21-50.JPG,original,0.00
f0156,21-51.JPG,21-51.JPG,original,0.00
f0157,21-52.JPG,21-52.JPG,original,0.00
f0158,21-53.JPG,21-53.JPG,original,0.00
f0159,21-6.jpg,21-6.jpg,original,0.00
f0160,21-60.jpg,21-60.jpg,IA,1.32
f0161,21-7.JPG,21-7.JPG,original,0.00
f0162,21-8.jpg,21-8.jpg,lanczos,0.46
f0163,21-9.JPG,21-9.JPG,original,0.00
f0164,22-2.JPG,22-2.JPG,original,0.00
f0165,22-5.JPG,22-5.JPG,original,0.00
f0166,30Abril18_125.jpg,f0166__30Abril18_125.jpg,original,0.00
f0167,448_ML_FestaNatal2024.jpg,448_ML_FestaNatal2024.jpg,original,0.00
f0168,499_ML_FestaNatal2024.jpg,499_ML_FestaNatal2024.jpg,original,0.00
f0169,5 (2).jpg,5 (2).jpg,IA,1.14
f0170,5-3.jpg,f0170__5-3.jpg,lanczos,0.53
f0171,6-4.jpg,6-4.jpg,original,0.00
f0172,6.jpg,f0172__6.jpg,lanczos,0.54
f0173,69916331_2555139434539758_2920736718019624960_n.jpg,69916331_2555139434539758_2920736718019624960_n.jpg,original,0.00
f0174,7-1.jpg,7-1.jpg,lanczos,0.64
f0175,7.jpg,7.jpg,lanczos,0.56
f0176,8-1.jpg,8-1.jpg,lanczos,0.61
f0177,8-3.jpg,8-3.jpg,lanczos,0.47
f0178,8-4.jpg,8-4.jpg,lanczos,0.65
f0179,8-5.jpg,8-5.jpg,lanczos,0.53
f0180,8-6.jpg,8-6.jpg,IA,0.37
f0181,8-7.jpg,8-7.jpg,IA,0.84
f0182,8-8.jpg,8-8.jpg,lanczos,0.50
f0183,8-9-1.jpg,8-9-1.jpg,lanczos,0.22
f0184,8-9-2.jpg,8-9-2.jpg,original,0.00
f0185,8-9.jpg,8-9.jpg,IA,2.37
f0186,8.jpg,8.jpg,IA,1.14
f0187,82 - Cópia.jpg,82 - Cópia.jpg,lanczos,0.54
f0188,82-1.JPG,82-1.JPG,original,0.00
f0189,82-10.jpg,82-10.jpg,original,0.00
f0190,82-11-1.jpg,82-11-1.jpg,lanczos,0.49
f0191,82-11.jpeg,82-11.jpeg,original,0.00
f0192,82-2.jpg,82-2.jpg,original,0.00
f0193,82-25- -2022.JPG,82-25- -2022.JPG,original,0.00
f0194,82-27.jpeg,82-27.jpeg,original,0.00
f0195,82-3.JPG,82-3.JPG,original,0.00
f0196,82-31.JPG,82-31.JPG,original,0.00
f0197,82-32.JPG,82-32.JPG,original,0.00
f0198,82-36.JPG,82-36.JPG,original,0.00
f0199,82-37.jpeg,82-37.jpeg,original,0.00
f0200,82-4.jpg,82-4.jpg,original,0.00
f0201,82-41.JPG,82-41.JPG,original,0.00
f0202,82-43.JPG,82-43.JPG,original,0.00
f0203,82-46.JPG,82-46.JPG,original,0.00
f0204,82-48.JPG,82-48.JPG,original,0.00
f0205,82-50.JPG,82-50.JPG,original,0.00
f0206,82-53.JPG,82-53.JPG,original,0.00
f0207,82-59.JPG,82-59.JPG,original,0.00
f0208,82-6.jpg,82-6.jpg,original,0.00
f0209,82-7.jpg,82-7.jpg,original,0.00
f0210,82-9.jpg,82-9.jpg,lanczos,0.51
f0211,9-12.JPG,9-12.JPG,original,0.00
f0212,9-13.JPG,9-13.JPG,original,0.00
f0213,9-14.JPG,9-14.JPG,original,0.00
f0214,9-15-1.JPG,9-15-1.jpg,lanczos,0.52
f0215,9-15-2.jpg,9-15-2.jpg,IA,1.29
f0216,9-15-4.jpg,9-15-4.jpg,original,0.00
f0217,9-15.JPG,9-15.JPG,original,0.00
f0218,9-16.JPG,9-16.JPG,original,0.00
f0219,9-17.JPG,9-17.JPG,original,0.00
f0220,9-18.JPG,9-18.JPG,original,0.00
f0221,9-2.jpg,9-2.jpg,lanczos,0.46
f0222,9-23.JPG,9-23.JPG,original,0.00
f0223,9-24-1.JPG,9-24-1.JPG,original,0.00
f0224,9-24-2.JPG,9-24-2.JPG,original,0.00
f0225,9-24-4.jpeg,9-24-4.jpeg,original,0.00
f0226,9-24-5.JPG,9-24-5.JPG,original,0.00
f0227,9-24-7.JPG,9-24-7.JPG,original,0.00
f0228,9-24-8.JPG,9-24-8.JPG,original,0.00
f0229,9-24.JPG,9-24.JPG,original,0.00
f0230,9-25.jpg,9-25.jpg,lanczos,0.62
f0231,9-26.JPG,9-26.jpg,lanczos,0.53
f0232,9-27.JPG,9-27.JPG,original,0.00
f0233,9-28.JPG,9-28.JPG,original,0.00
f0234,9-29.JPG,9-29.JPG,original,0.00
f0235,9-5.JPG,9-5.JPG,original,0.00
f0236,9.1.jpg,9.1.jpg,lanczos,0.57
f0237,9.4.JPG,9.4.JPG,original,0.00
f0238,977af8a4-c485-48a1-ac39-83ee76f6bc02.jpeg,977af8a4-c485-48a1-ac39-83ee76f6bc02.jpeg,original,0.00
f0239,A Happy Year (16).jpg,f0239__A Happy Year (16).jpg,original,0.00
f0240,b0773331-cf53-4b1c-bb33-9cbe08cb4031.jpeg,b0773331-cf53-4b1c-bb33-9cbe08cb4031.jpeg,original,0.00
f0241,content.jpg,content.jpg,original,0.00
f0242,content5.jpg,content5.jpg,lanczos,0.41
f0243,DSC00075.JPG,DSC00075.JPG,original,0.00
f0244,DSC00093.JPG,DSC00093.JPG,original,0.00
f0245,DSC02999.JPG,DSC02999.JPG,original,0.00
f0246,DSC07594.JPG,DSC07594.JPG,original,0.00
f0247,DSC09844.JPG,DSC09844.JPG,original,0.00
f0248,DSC_0041.JPG,DSC_0041.JPG,original,0.00
f0249,DSC_7700.JPG,DSC_7700.JPG,original,0.00
f0250,DSCN3008.JPG,DSCN3008.JPG,original,0.00
f0251,DSCN7849.JPG,DSCN7849.JPG,original,0.00
f0252,Fotos Joana (69).JPG,Fotos Joana (69).JPG,original,0.00
f0253,IMG-20221118-WA0013.jpg,IMG-20221118-WA0013.jpg,IA,1.82
f0254,IMG-20250305-WA0113.jpg,IMG-20250305-WA0113.jpg,lanczos,0.51
f0255,IMG-20260513-WA0016.jpg,IMG-20260513-WA0016.jpg,original,0.00
f0256,IMG-20260614-WA0013.jpg,IMG-20260614-WA0013.jpg,original,0.00
f0257,IMG_0588.JPG,IMG_0588.JPG,original,0.00
f0258,IMG_0645 (1).jpg,IMG_0645 (1).jpg,original,0.00
f0259,IMG_1475.jpeg,IMG_1475.jpeg,original,0.00
f0260,IMG_2067.jpeg,IMG_2067.jpeg,original,0.00
f0261,IMG_2523.jpeg,IMG_2523.jpeg,original,0.00
f0262,IMG_2601.jpeg,IMG_2601.jpeg,original,0.00
f0263,IMG_3216.JPG,IMG_3216.JPG,original,0.00
f0264,IMG_3461.JPG,IMG_3461.JPG,original,0.00
f0265,IMG_3540.JPG,IMG_3540.JPG,original,0.00
f0266,IMG_3547.JPG,IMG_3547.JPG,original,0.00
f0267,IMG_3576.JPG,IMG_3576.JPG,original,0.00
f0268,IMG_3835.jpg,IMG_3835.jpg,original,0.00
f0269,IMG_4073.JPG,IMG_4073.JPG,original,0.00
f0270,IMG_4224.JPG,IMG_4224.JPG,original,0.00
f0271,IMG_4277 (3) (1).jpg,IMG_4277 (3) (1).jpg,original,0.00
f0272,IMG_4362.JPG,IMG_4362.JPG,original,0.00
f0273,IMG_4425.JPG,IMG_4425.JPG,original,0.00
f0274,IMG_4477.JPG,IMG_4477.JPG,original,0.00
f0275,IMG_4490 (16).jpg,IMG_4490 (16).jpg,original,0.00
f0276,IMG_4490 (3).jpg,IMG_4490 (3).jpg,original,0.00
f0277,IMG_4517.JPG,IMG_4517.JPG,original,0.00
f0278,IMG_4541.JPG,IMG_4541.JPG,original,0.00
f0279,IMG_4542.JPG,IMG_4542.JPG,original,0.00
f0280,IMG_4601(7).jpg,IMG_4601(7).jpg,original,0.00
f0281,IMG_4751.JPG,IMG_4751.JPG,original,0.00
f0282,IMG_6240.jpeg,IMG_6240.jpeg,original,0.00
f0283,IMG_6442.JPG,IMG_6442.JPG,original,0.00
f0284,IMG_7790.JPG,IMG_7790.JPG,original,0.00
f0285,IMG_7886.jpeg,IMG_7886.jpeg,original,0.00
f0286,IMG_8145.jpeg,IMG_8145.jpeg,original,0.00
f0287,IMG_8450.jpeg,IMG_8450.jpeg,original,0.00
f0288,IMG_8594.jpeg,IMG_8594.jpeg,original,0.00
f0289,IMG_8848.jpeg,IMG_8848.jpeg,original,0.00
f0290,IMG_9013.JPG,IMG_9013.JPG,original,0.00
f0291,IMG_9062.jpeg,IMG_9062.jpeg,original,0.00
f0292,IMG_9097.JPG,IMG_9097.JPG,original,0.00
f0293,IMG_9283 (1).jpg,IMG_9283 (1).jpg,original,0.00
f0294,IMG_9594.jpeg,IMG_9594.jpeg,original,0.00
f0295,IMG_9648.jpeg,IMG_9648.jpeg,original,0.00
f0296,Porto (10).JPG,Porto (10).JPG,original,0.00
f0297,Scanner_20260606 (17).jpg,Scanner_20260606 (17).jpg,IA,0.93
f0298,Scanner_20260814.jpg,Scanner_20260814.jpg,IA,1.26
f0299,WhatsApp Image 2021-11-15 at 18.54.22.jpeg,WhatsApp Image 2021-11-15 at 18.54.22.jpeg,original,0.00
f0300,WhatsApp Image 2025-10-10 at 14.45.56 (1).jpeg,WhatsApp Image 2025-10-10 at 14.45.56 (1).jpeg,original,0.00
f0301,WhatsApp Image 2025-10-10 at 14.45.56.jpeg,WhatsApp Image 2025-10-10 at 14.45.56.jpeg,original,0.00
f0302,WhatsApp Image 2026-03-01 at 13.30.02.jpeg,f0302__WhatsApp Image 2026-03-01 at 13.30.02.jpg,lanczos,0.26
f0303,WhatsApp Image 2026-05-02 at 20.16.23.jpeg,WhatsApp Image 2026-05-02 at 20.16.23.jpeg,original,0.00
f0304,WhatsApp Image 2026-08-21 at 16.10.19.jpeg,WhatsApp Image 2026-08-21 at 16.10.19.jpeg,original,0.00
f0305,WhatsApp Image 2026-08-22 at 11.12.02.jpeg,WhatsApp Image 2026-08-22 at 11.12.02.jpeg,original,0.00
f0306,WP_20150912_18_28_43_Pro.jpg,WP_20150912_18_28_43_Pro.jpg,original,0.00
f0647,0e3b4981-ab0f-46c8-8882-719adb058f35.jpeg,0e3b4981-ab0f-46c8-8882-719adb058f35.jpeg,original,0.00
f0552,1 (416).JPG,1 (416).JPG,original,0.00
f0553,11262327_870472636371631_948669226_o.jpg,11262327_870472636371631_948669226_o.jpg,lanczos,0.36
f0648,1636311995204.jpg,1636311995204.jpg,original,0.00
f0649,1636311995274.jpg,1636311995274.jpg,original,0.00
f0693,2008_Ericeira_Mae_e_tiago_HPIM4288.JPG,2008_Ericeira_Mae_e_tiago_HPIM4288.JPG,original,0.00
f0694,2008_Ericeira_Mae_e_tiago_HPIM4369.JPG,2008_Ericeira_Mae_e_tiago_HPIM4369.JPG,original,0.00
f0695,2008_Ericeira_Mae_e_tiago_HPIM4695.JPG,2008_Ericeira_Mae_e_tiago_HPIM4695.JPG,original,0.00
f0696,2008_Ericeira_Mae_e_tiago_HPIM4696.JPG,2008_Ericeira_Mae_e_tiago_HPIM4696.JPG,original,0.00
f0697,2008_Ericeira_Mae_e_tiago_HPIM4839.JPG,2008_Ericeira_Mae_e_tiago_HPIM4839.JPG,original,0.00
f0698,2008_Ericeira_Mae_e_tiago_HPIM4986.JPG,2008_Ericeira_Mae_e_tiago_HPIM4986.JPG,original,0.00
f0554,2013-02-14 14.36.26.jpg,2013-02-14 14.36.26.jpg,original,0.00
f0555,20170204_200730.jpg,f0555__20170204_200730.jpg,original,0.00
f0650,20170520_195522.jpg,20170520_195522.jpg,original,0.00
f0651,20170521_092828.jpg,20170521_092828.jpg,original,0.00
f0652,20170521_151502.jpg,20170521_151502.jpg,original,0.00
f0653,20170521_161241.jpg,20170521_161241.jpg,original,0.00
f0654,20170521_161655.jpg,20170521_161655.jpg,original,0.00
f0556,20170805175928.jpg,20170805175928.jpg,original,0.00
f0557,20170805181124.jpg,f0557__20170805181124.jpg,original,0.00
f0655,20170828_192742.jpg,20170828_192742.jpg,original,0.00
f0656,20170916_160816.jpg,20170916_160816.jpg,original,0.00
f0657,20170916_164437.jpg,20170916_164437.jpg,original,0.00
f0658,20190620_183610.jpg,20190620_183610.jpg,original,0.00
f0358,2022_Clara_e_sky.jpg,2022_Clara_e_sky.jpg,original,0.00
f0359,2022_Tiago_e_sky.jpg,2022_Tiago_e_sky.jpg,original,0.00
f0558,318.JPG,318.JPG,original,0.00
f0659,38411954_1089090207922313_3133676772738990080_n.jpg,38411954_1089090207922313_3133676772738990080_n.jpg,lanczos,0.58
f0642,509259470_24305080975762747_3832890561443348891_n.jpg,509259470_24305080975762747_3832890561443348891_n.jpg,lanczos,0.38
f0559,A Happy Year (16).jpg,f0559__A Happy Year (16).jpg,original,0.00
f0699,AASM_NAZARE_CUPImagem 023.jpg,AASM_NAZARE_CUPImagem 023.jpg,original,0.00
f0560,Campanha AE (6).JPG,Campanha AE (6).jpg,IA,1.64
f0660,CIMG0918.JPG,CIMG0918.JPG,original,0.00
f0661,CIMG1082.JPG,CIMG1082.JPG,original,0.00
f0662,CIMG1100.JPG,CIMG1100.JPG,original,0.00
f0700,CIMG5753.JPG,CIMG5753.JPG,original,0.00
f0643,digitalizar0001.jpg,digitalizar0001.jpg,IA,1.07
f0561,digitalizar0002 (2).jpg,digitalizar0002 (2).jpg,IA,1.16
f0644,digitalizar0002.jpg,digitalizar0002.jpg,IA,1.12
f0562,digitalizar0003 (1).jpg,digitalizar0003 (1).jpg,IA,1.39
f0563,digitalizar0003 (3).jpg,digitalizar0003 (3).jpg,IA,1.28
f0564,digitalizar0004 (1).jpg,digitalizar0004 (1).jpg,IA,1.78
f0565,digitalizar0005 (3).jpg,digitalizar0005 (3).jpg,IA,0.79
f0645,digitalizar0006.jpg,digitalizar0006.jpg,IA,0.97
f0566,digitalizar0007.jpg,digitalizar0007.jpg,IA,1.10
f0663,DSC00780.JPG,DSC00780.JPG,original,0.00
f0664,DSC01059.JPG,DSC01059.JPG,original,0.00
f0567,DSC01579.JPG,DSC01579.JPG,original,0.00
f0568,DSC02029.JPG,DSC02029.JPG,original,0.00
f0569,DSC02177.JPG,DSC02177.JPG,original,0.00
f0570,DSC03254.JPG,DSC03254.JPG,original,0.00
f0571,DSC05688.JPG,DSC05688.JPG,original,0.00
f0572,DSC06226.JPG,DSC06226.JPG,original,0.00
f0573,DSC06386.JPG,DSC06386.JPG,original,0.00
f0574,DSC06568.JPG,DSC06568.JPG,original,0.00
f0575,DSC07282.JPG,DSC07282.JPG,original,0.00
f0576,DSC07627.JPG,DSC07627.JPG,original,0.00
f0577,DSC08227.JPG,DSC08227.JPG,original,0.00
f0578,DSC09845.JPG,DSC09845.JPG,original,0.00
f0665,DSC09865.JPG,DSC09865.JPG,original,0.00
f0666,DSC_0031a.jpg,DSC_0031a.jpg,IA,1.81
f0667,DSC_0042a.jpg,DSC_0042a.jpg,IA,1.69
f0668,DSC_0071.JPG,DSC_0071.JPG,original,0.00
f0669,DSC_0071_.JPG,DSC_0071_.jpg,IA,1.82
f0670,DSC_0085b.jpg,DSC_0085b.jpg,lanczos,0.54
f0671,DSC_0086.JPG,DSC_0086.JPG,original,0.00
f0672,DSC_0096b.jpg,DSC_0096b.jpg,IA,2.17
f0673,DSC_0147.JPG,DSC_0147.JPG,original,0.00
f0674,DSC_0149.JPG,DSC_0149.JPG,original,0.00
f0675,DSC_0183a.jpg,DSC_0183a.jpg,IA,1.07
f0579,DSCN1944.JPG,DSCN1944.JPG,original,0.00
f0580,DSCN2158.JPG,DSCN2158.JPG,original,0.00
f0581,DSCN2264.JPG,DSCN2264.JPG,original,0.00
f0582,DSCN2298.JPG,DSCN2298.JPG,original,0.00
f0583,DSCN2875.JPG,DSCN2875.JPG,original,0.00
f0676,DSCN3486.JPG,DSCN3486.JPG,original,0.00
f0677,DSCN7654i (3).jpg,DSCN7654i (3).jpg,original,0.00
f0678,DSCN7686i (2).jpg,DSCN7686i (2).jpg,original,0.00
f0679,DSCN7848.JPG,DSCN7848.JPG,original,0.00
f0680,DSCN7852.JPG,DSCN7852.JPG,original,0.00
f0584,DSCN8496.JPG,DSCN8496.jpg,IA,0.86
f0585,DSCN8534.JPG,DSCN8534.jpg,IA,1.78
f0681,Fotos Joana (37).JPG,Fotos Joana (37).JPG,original,0.00
f0363,gravuras_coa.jpg,gravuras_coa.jpg,lanczos,1.02
f0364,Guterres.jpg,Guterres.jpg,lanczos,0.66
f0682,HPIM0315.JPG,HPIM0315.JPG,original,0.00
f0683,HPIM0319.JPG,HPIM0319.JPG,original,0.00
f0586,HPIM0458.JPG,HPIM0458.JPG,original,0.00
f0587,HPIM0511.JPG,HPIM0511.JPG,original,0.00
f0684,HPIM0715.JPG,HPIM0715.JPG,original,0.00
f0685,HPIM0715_1.JPG,HPIM0715_1.jpg,IA,0.92
f0646,IMG_0226.JPG,IMG_0226.JPG,original,0.00
f0588,IMG_0269.JPG,IMG_0269.JPG,original,0.00
f0589,IMG_0376.JPG,IMG_0376.JPG,original,0.00
f0590,IMG_0483.JPG,IMG_0483.JPG,original,0.00
f0591,IMG_0557.JPG,IMG_0557.JPG,original,0.00
f0592,IMG_0577.JPG,IMG_0577.JPG,original,0.00
f0593,IMG_0622.JPG,IMG_0622.JPG,original,0.00
f0594,IMG_0645 (8).jpg,IMG_0645 (8).jpg,lanczos,0.40
f0595,IMG_2386.JPG,IMG_2386.JPG,original,0.00
f0686,IMG_3489.JPG,IMG_3489.JPG,original,0.00
f0687,IMG_3518(2).jpg,IMG_3518(2).jpg,original,0.00
f0688,IMG_3876.JPG,IMG_3876.JPG,original,0.00
f0596,IMG_3968.JPG,IMG_3968.JPG,original,0.00
f0597,IMG_3993.JPG,IMG_3993.JPG,original,0.00
f0598,IMG_4098.JPG,IMG_4098.JPG,original,0.00
f0599,IMG_4492.JPG,IMG_4492.JPG,original,0.00
f0689,IMG_4534.JPG,IMG_4534.JPG,original,0.00
f0600,IMG_7927.JPG,IMG_7927.JPG,original,0.00
f0690,IMG_9241.JPG,IMG_9241.JPG,original,0.00
f0365,"kobe, japao.png","kobe, japao.png",original,0.00
f0701,RAPAZ_RISCAS_retrato.jpg,RAPAZ_RISCAS_retrato.jpg,IA,0.71
f0360,sapo_42c89ed355959aa80b08ddd3b3b79ffc3555d337.jpg,sapo_42c89ed355959aa80b08ddd3b3b79ffc3555d337.jpg,IA,0.90
f0366,Schengen_Agreement_(1985)_signatures.jpg,Schengen_Agreement_(1985)_signatures.jpg,lanczos,0.50
f0361,Windows95.jpeg,Windows95.jpeg,original,0.00
f0362,Windows95_sem_nackground.png,Windows95_sem_nackground.jpg,IA,0.80
f0601,WP_20150504_01_14_23_Pro.jpg,WP_20150504_01_14_23_Pro.jpg,original,0.00
f0691,WP_20161029_18_40_17_Pro.jpg,WP_20161029_18_40_17_Pro.jpg,lanczos,0.38
f0692,WP_20161029_18_40_28_Pro.jpg,WP_20161029_18_40_28_Pro.jpg,lanczos,0.38
f0307,2014_Tiago_Nacionais_fep.jpg,2014_Tiago_Nacionais_fep.jpg,IA,1.21
f0309,2016_tIAGO_AMIGOS_FACULDADE.jpg,2016_tIAGO_AMIGOS_FACULDADE.jpg,IA,1.38
f0310,2016_tIAGO_AMIGOS_FACULDADE_2_ficar_ape-nas_com_a_foto_no_canto_superior_esquerdo_onde_esta_o tiago.jpg,2016_tIAGO_AMIGOS_FACULDADE_2_ficar_ape-nas_com_a_foto_no_canto_superior_esquerdo_onde_esta_o tiago.jpg,lanczos,0.60
f0311,2016_TiaGO_AMIGOS_TRABALHO_PWC_VIDEO_NATAL.jpg,2016_TiaGO_AMIGOS_TRABALHO_PWC_VIDEO_NATAL.jpg,original,0.00
f0312,2016_tIAGO_ANDEBOL_FACULDADE.jpg,2016_tIAGO_ANDEBOL_FACULDADE.jpg,IA,1.93
f0313,2018_TiaGO_AMIGOS_TRABALHO_PWC_VIAGEM_ANGOLA.jpg,2018_TiaGO_AMIGOS_TRABALHO_PWC_VIAGEM_ANGOLA.jpg,IA,1.03
f0550,2026_Corrida_José.jpg,2026_Corrida_José.jpg,original,0.00
f0314,Ebru_E_CBC.jpg,Ebru_E_CBC.jpg,IA,0.79
f0315,José_Tiago_Em_preparacao_corridas.jpg,José_Tiago_Em_preparacao_corridas.jpg,original,0.00
f0316,Pedro_Passeio_com_golias_por_perto.jpg,Pedro_Passeio_com_golias_por_perto.jpg,lanczos,0.42
f0367,43274569_2370831162931773_2255612353074692096_n(1).jpg,43274569_2370831162931773_2255612353074692096_n(1).jpg,IA,1.36
f0368,465455177_18469984843036289_3149374911246808608_n.jpg,465455177_18469984843036289_3149374911246808608_n.jpg,original,0.00
f0369,465492271_18469984819036289_3072578159952017525_n.jpg,465492271_18469984819036289_3072578159952017525_n.jpg,original,0.00
f0370,465577778_18469984858036289_3599993957042226426_n.jpg,465577778_18469984858036289_3599993957042226426_n.jpg,original,0.00
f0371,523505828_18520808827036289_5944351948603372886_n.jpg,523505828_18520808827036289_5944351948603372886_n.jpg,original,0.00
f0372,631262116_18562247314036289_7493905776098396007_n.jpg,631262116_18562247314036289_7493905776098396007_n.jpg,original,0.00
f0373,657926577_18578466925036289_2203287324370287167_n.jpg,657926577_18578466925036289_2203287324370287167_n.jpg,original,0.00
f0374,669540976_18581857939036289_7954106602861538399_n.jpg,669540976_18581857939036289_7954106602861538399_n.jpg,lanczos,0.44
f0375,712543692_18595931095036289_1972945598948715118_n.jpg,712543692_18595931095036289_1972945598948715118_n.jpg,original,0.00
f0376,719658960_18597974818036289_2700412295879492597_n.jpg,719658960_18597974818036289_2700412295879492597_n.jpg,original,0.00
f0317,2025_Clara_a_trabalhar_iguaçu.jpg,2025_Clara_a_trabalhar_iguaçu.jpg,original,0.00
f0318,Clara_bebe_cerveja.jpg,Clara_bebe_cerveja.jpg,lanczos,0.55
f0319,IMG-20220807-WA0105.jpg,IMG-20220807-WA0105.jpg,lanczos,0.46
f0320,IMG-20220829-WA0002.jpg,IMG-20220829-WA0002.jpg,lanczos,0.54
f0321,IMG_20240929_103808-POP_OUT.jpg,IMG_20240929_103808-POP_OUT.jpg,original,0.00
f0322,Clara_e_irmao_a_dormir.jpg,Clara_e_irmao_a_dormir.jpg,original,0.00
f0323,Clara_e_mae_e_irmao_fotografo.jpg,Clara_e_mae_e_irmao_fotografo.jpg,original,0.00
f0324,clara_e_padrinho_a_rir.jpg,clara_e_padrinho_a_rir.jpg,original,0.00
f0325,2014_cLARA_E_TIAGO_30set.jpg,2014_cLARA_E_TIAGO_30set.jpg,original,0.00
f0326,2014_cLARA_E_TIAGO_Rockinrio.jpg,2014_cLARA_E_TIAGO_Rockinrio.jpg,original,0.00
f0354,2014_Clara_Tiago_Praia_Mia_cadela_clara.jpg,2014_Clara_Tiago_Praia_Mia_cadela_clara.jpg,lanczos,0.37
f0327,2015_cLARA_E_TIAGO_30agosto.jpg,2015_cLARA_E_TIAGO_30agosto.jpg,lanczos,0.45
f0308,2016_Clara_impoe_insignias_tiago.jpg,2016_Clara_impoe_insignias_tiago.jpg,lanczos,0.33
f0355,2016_clara_tiago_grutas_penicheIMG_20160805_120455.jpg,2016_clara_tiago_grutas_penicheIMG_20160805_120455.jpg,original,0.00
f0328,2016_Clara_TIAGO_pRIMEIRA_VIAGEM_PENICHE.jpg,2016_Clara_TIAGO_pRIMEIRA_VIAGEM_PENICHE.jpg,original,0.00
f0329,2018_cLARA_E_TIAGO_PASSEIO.jpg,2018_cLARA_E_TIAGO_PASSEIO.jpg,original,0.00
f0330,20230726_131448_Nice_2023.jpg,20230726_131448_Nice_2023.jpg,original,0.00
f0331,IMG_20250319_131901.jpg,IMG_20250319_131901.jpg,original,0.00
f0551,IMG_20250319_145617-ANIMATION.gif,IMG_20250319_145617-ANIMATION.jpg,IA,2.75
f0332,2011_Tiago_e_clara_aniversario_CLARA_POUCO_ANTES_DE_COMEÇAR_A_NAMORAR.jpg,2011_Tiago_e_clara_aniversario_CLARA_POUCO_ANTES_DE_COMEÇAR_A_NAMORAR.jpg,original,0.00
f0333,"2012_Universidade_Junior_Clara e Tiago_2 meses apos começo_há pessoas a cortar, talvez manter apenas a Sandra, remover o miguel.jpg","2012_Universidade_Junior_Clara e Tiago_2 meses apos começo_há pessoas a cortar, talvez manter apenas a Sandra, remover o miguel.jpg",original,0.00
f0334,2013_Tiago_e_clara_aniversario_gabriel_amigos secundario.jpg,2013_Tiago_e_clara_aniversario_gabriel_amigos secundario.jpg,original,0.00
f0335,2013_Tiago_Na_latada_da_Clara_amigos secundario.jpg,2013_Tiago_Na_latada_da_Clara_amigos secundario.jpg,original,0.00
f0336,2015_CLARA_TIAGO_AMIGOS_SECUNDARIO.jpg,2015_CLARA_TIAGO_AMIGOS_SECUNDARIO.jpg,IA,1.13
f0337,2015_CLARA_TIAGO_AMIGOS_SECUNDARIO_2.jpg,2015_CLARA_TIAGO_AMIGOS_SECUNDARIO_2.jpg,IA,2.03
f0338,2015_CLARA_TIAGO_AMIGOS_SECUNDARIO_3.jpg,2015_CLARA_TIAGO_AMIGOS_SECUNDARIO_3.jpg,original,0.00
f0339,2015_CLARA_TIAGO_AMIGOS_SECUNDARIO_4.jpg,2015_CLARA_TIAGO_AMIGOS_SECUNDARIO_4.jpg,IA,1.35
f0340,2016_CLARA_TIAGO_AMIGOS_SECUNDARIO.jpg,2016_CLARA_TIAGO_AMIGOS_SECUNDARIO.jpg,IA,1.05
f0341,2016_CLARA_TIAGO_AMIGOS_SECUNDARIO_2.jpg,2016_CLARA_TIAGO_AMIGOS_SECUNDARIO_2.jpg,IA,1.06
f0342,2016_CLARA_TIAGO_AMIGOS_SECUNDARIO_3.jpg,2016_CLARA_TIAGO_AMIGOS_SECUNDARIO_3.jpg,IA,1.11
f0343,2016_NOS_D'ANDANDA.jpg,2016_NOS_D'ANDANDA.jpg,IA,1.13
f0344,DSC00781.JPG,DSC00781.jpg,IA,1.89
f0345,2013_Tiago_Familia_Paterna.jpg,2013_Tiago_Familia_Paterna.jpg,IA,2.52
f0356,20160727_Tiago_e_familia_aniversarioIMG_20160727_135857.jpg,20160727_Tiago_e_familia_aniversarioIMG_20160727_135857.jpg,original,0.00
f0357,2016_Familia_Tiago_imposicao_insignias.jpg,2016_Familia_Tiago_imposicao_insignias.jpg,restaurada,4.83
f0346,IMG_20260209_172732.jpg,IMG_20260209_172732.jpg,original,0.00
f0377,1 (414).JPG,1 (414).JPG,original,0.00
f0378,17042011180.jpg,17042011180.jpg,original,0.00
f0379,20180910_194135(0).jpg,20180910_194135(0).jpg,original,0.00
f0380,20180910_194232.jpg,20180910_194232.jpg,original,0.00
f0381,20190601_194526.jpg,20190601_194526.jpg,original,0.00
f0382,20190622_113816.jpg,20190622_113816.jpg,lanczos,0.55
f0383,20190623_174522.jpg,20190623_174522.jpg,original,0.00
f0384,20190623_211633.jpg,20190623_211633.jpg,original,0.00
f0385,20190627_164727.jpg,20190627_164727.jpg,original,0.00
f0386,20190628_095253.jpg,20190628_095253.jpg,original,0.00
f0387,20190628_152510.jpg,20190628_152510.jpg,original,0.00
f0388,20190628_192524.jpg,20190628_192524.jpg,original,0.00
f0389,20190630_160541.jpg,20190630_160541.jpg,original,0.00
f0390,20190630_175356.jpg,20190630_175356.jpg,original,0.00
f0391,20200912_094237.jpg,20200912_094237.jpg,original,0.00
f0392,20201014_185916.jpg,20201014_185916.jpg,original,0.00
f0393,20201014_190030.jpg,20201014_190030.jpg,original,0.00
f0394,20201220_195023.jpg,20201220_195023.jpg,original,0.00
f0395,20201222_221755.jpg,20201222_221755.jpg,original,0.00
f0396,20201222_221803.jpg,20201222_221803.jpg,original,0.00
f0397,20201222_221828.jpg,20201222_221828.jpg,original,0.00
f0398,20201222_221859.jpg,20201222_221859.jpg,original,0.00
f0399,20201222_221911.jpg,20201222_221911.jpg,original,0.00
f0400,20201222_221936.jpg,20201222_221936.jpg,original,0.00
f0401,20201222_221949.jpg,20201222_221949.jpg,original,0.00
f0402,20201223_213707.jpg,20201223_213707.jpg,original,0.00
f0403,20210214_104152.jpg,20210214_104152.jpg,original,0.00
f0404,20210214_104230.jpg,20210214_104230.jpg,original,0.00
f0405,20210604_173037.jpg,20210604_173037.jpg,original,0.00
f0406,20210728_165434.jpg,20210728_165434.jpg,original,0.00
f0407,20210728_184018.jpg,20210728_184018.jpg,original,0.00
f0408,20210729_111719.jpg,20210729_111719.jpg,original,0.00
f0409,20210729_112434.jpg,20210729_112434.jpg,original,0.00
f0410,20210729_215348.jpg,20210729_215348.jpg,original,0.00
f0411,20210730_105857.jpg,20210730_105857.jpg,original,0.00
f0412,20210730_145624.jpg,20210730_145624.jpg,original,0.00
f0413,20220103_155031.jpg,20220103_155031.jpg,original,0.00
f0414,20220314_051539.jpg,20220314_051539.jpg,original,0.00
f0415,20220430_184146.jpg,20220430_184146.jpg,original,0.00
f0416,20220515_184204.jpg,20220515_184204.jpg,original,0.00
f0417,20220516_103235.jpg,20220516_103235.jpg,original,0.00
f0418,20220516_103436.jpg,20220516_103436.jpg,original,0.00
f0419,20220516_121402.jpg,20220516_121402.jpg,original,0.00
f0420,20220517_110619.jpg,20220517_110619.jpg,original,0.00
f0421,20220518_120830.jpg,20220518_120830.jpg,original,0.00
f0422,20220518_125748.jpg,20220518_125748.jpg,original,0.00
f0423,20220519_110737.jpg,20220519_110737.jpg,original,0.00
f0424,20220519_185042.jpg,20220519_185042.jpg,original,0.00
f0425,20220519_204607.jpg,20220519_204607.jpg,original,0.00
f0426,20220520_134842.jpg,20220520_134842.jpg,original,0.00
f0427,20220520_135148.jpg,20220520_135148.jpg,original,0.00
f0428,20220520_161953.jpg,20220520_161953.jpg,original,0.00
f0429,20220520_162235.jpg,20220520_162235.jpg,original,0.00
f0430,20220521_130954.jpg,20220521_130954.jpg,original,0.00
f0431,20220521_185833.jpg,20220521_185833.jpg,original,0.00
f0432,20220521_200846.jpg,20220521_200846.jpg,original,0.00
f0433,20220611_203052.jpg,20220611_203052.jpg,original,0.00
f0434,20220815_125148.jpg,20220815_125148.jpg,original,0.00
f0435,20230106_174320.jpg,20230106_174320.jpg,original,0.00
f0436,20230802_123825.jpg,20230802_123825.jpg,original,0.00
f0437,20231002_195017.jpg,20231002_195017.jpg,original,0.00
f0438,20231217_180159.jpg,20231217_180159.jpg,original,0.00
f0439,20231222_195654.jpg,20231222_195654.jpg,original,0.00
f0440,20231222_202144.jpg,20231222_202144.jpg,original,0.00
f0441,2024-07-14_14_55_40_749_0.jpg,2024-07-14_14_55_40_749_0.jpg,original,0.00
f0442,20240101_214757.jpg,20240101_214757.jpg,original,0.00
f0443,20240728_194710.jpg,20240728_194710.jpg,original,0.00
f0444,20240728_194711.jpg,20240728_194711.jpg,original,0.00
f0445,30623690_1296164383861010_1349899596838469632_n.jpg,30623690_1296164383861010_1349899596838469632_n.jpg,original,0.00
f0446,30Abril18_125.jpg,f0446__30Abril18_125.jpg,original,0.00
f0447,bc66e4257dc1a51eb676bfe0d263d5db.jpg,bc66e4257dc1a51eb676bfe0d263d5db.jpg,original,0.00
f0448,Cachucha.jpg,Cachucha.jpg,original,0.00
f0449,Clara x3 (11).jpg,Clara x3 (11).jpg,lanczos,0.43
f0450,Clara x3 (37).jpg,Clara x3 (37).jpg,lanczos,0.58
f0451,Copy of IMG_20140920_125948.jpg,Copy of IMG_20140920_125948.jpg,original,0.00
f0452,Digitalizar0008.jpg,Digitalizar0008.jpg,lanczos,0.60
f0453,DSC00187.JPG,DSC00187.JPG,original,0.00
f0454,DSC00644.JPG,DSC00644.JPG,original,0.00
f0455,DSC02744.JPG,DSC02744.JPG,original,0.00
f0456,DSC02944.JPG,DSC02944.JPG,original,0.00
f0457,DSC02953.JPG,DSC02953.JPG,original,0.00
f0458,DSC02954.JPG,DSC02954.JPG,original,0.00
f0459,DSCN5569.JPG,DSCN5569.JPG,original,0.00
f0460,Fred.jpg,Fred.jpg,original,0.00
f0461,IMG-20161204-WA0003.jpg,IMG-20161204-WA0003.jpg,lanczos,0.31
f0462,IMG-20170205-WA0006.jpg,IMG-20170205-WA0006.jpg,lanczos,0.39
f0463,IMG-20170326-WA0000.jpg,IMG-20170326-WA0000.jpg,original,0.00
f0464,IMG-20170326-WA0001.jpg,IMG-20170326-WA0001.jpg,lanczos,0.40
f0465,IMG-20170326-WA0002.jpg,IMG-20170326-WA0002.jpg,original,0.00
f0466,IMG-20170326-WA0003.jpg,IMG-20170326-WA0003.jpg,lanczos,0.41
f0467,IMG-20170326-WA0004.jpg,IMG-20170326-WA0004.jpg,original,0.00
f0468,IMG-20170924-WA0004.jpg,IMG-20170924-WA0004.jpg,lanczos,0.49
f0469,IMG-20171228-WA0001.jpg,IMG-20171228-WA0001.jpg,lanczos,0.37
f0470,IMG-20180315-WA0000.jpg,IMG-20180315-WA0000.jpg,original,0.00
f0471,IMG-20180501-WA0004.jpg,IMG-20180501-WA0004.jpg,lanczos,0.40
f0472,IMG-20180509-WA0047.jpg,IMG-20180509-WA0047.jpg,original,0.00
f0473,IMG-20180917-WA0000.jpg,IMG-20180917-WA0000.jpg,lanczos,0.57
f0474,IMG-20181003-WA0000.jpg,IMG-20181003-WA0000.jpg,lanczos,0.51
f0475,IMG-20181006-WA0004.jpg,IMG-20181006-WA0004.jpg,original,0.00
f0476,IMG-20181006-WA0005.jpg,IMG-20181006-WA0005.jpg,lanczos,0.48
f0477,IMG-20181006-WA0007.jpg,IMG-20181006-WA0007.jpg,lanczos,0.42
f0478,IMG-20181006-WA0008.jpg,IMG-20181006-WA0008.jpg,original,0.00
f0479,IMG-20181006-WA0009.jpg,IMG-20181006-WA0009.jpg,original,0.00
f0480,IMG-20181006-WA0010.jpg,IMG-20181006-WA0010.jpg,original,0.00
f0481,IMG-20181006-WA0012.jpg,IMG-20181006-WA0012.jpg,original,0.00
f0482,IMG-20181006-WA0013.jpg,IMG-20181006-WA0013.jpg,lanczos,0.39
f0483,IMG-20181006-WA0014.jpg,IMG-20181006-WA0014.jpg,lanczos,0.43
f0484,IMG-20181006-WA0016.jpg,IMG-20181006-WA0016.jpg,original,0.00
f0485,IMG-20181006-WA0017.jpg,IMG-20181006-WA0017.jpg,lanczos,0.47
f0486,IMG-20181006-WA0029.jpg,IMG-20181006-WA0029.jpg,IA,1.40
f0487,IMG-20181102-WA0000.jpg,IMG-20181102-WA0000.jpg,lanczos,0.56
f0488,IMG-20181125-WA0000.jpg,IMG-20181125-WA0000.jpg,original,0.00
f0489,IMG-20190622-WA0008.jpg,IMG-20190622-WA0008.jpg,original,0.00
f0490,IMG-20190622-WA0009.jpg,IMG-20190622-WA0009.jpg,original,0.00
f0491,IMG-20190622-WA0011.jpg,IMG-20190622-WA0011.jpg,original,0.00
f0492,IMG-20190805-WA0000.jpg,IMG-20190805-WA0000.jpg,original,0.00
f0493,IMG-20191116-WA0000.jpg,IMG-20191116-WA0000.jpg,original,0.00
f0494,IMG-20191116-WA0003.jpg,IMG-20191116-WA0003.jpg,original,0.00
f0495,IMG-20191205-WA0000.jpg,IMG-20191205-WA0000.jpg,original,0.00
f0496,IMG-20200319-WA0000.jpg,IMG-20200319-WA0000.jpg,original,0.00
f0497,IMG-20200424-WA0018.jpg,IMG-20200424-WA0018.jpg,lanczos,0.52
f0498,IMG-20200424-WA0036.jpg,IMG-20200424-WA0036.jpg,lanczos,0.45
f0499,IMG-20200501-WA0002.jpg,IMG-20200501-WA0002.jpg,lanczos,0.57
f0500,IMG-20200501-WA0014.jpg,IMG-20200501-WA0014.jpg,original,0.00
f0501,IMG-20200520-WA0000.jpg,IMG-20200520-WA0000.jpg,original,0.00
f0502,IMG-20200530-WA0002.jpg,IMG-20200530-WA0002.jpg,IA,1.24
f0503,IMG-20200605-WA0010.jpg,IMG-20200605-WA0010.jpg,original,0.00
f0504,IMG-20200616-WA0000.jpg,IMG-20200616-WA0000.jpg,original,0.00
f0505,IMG-20200817-WA0069.jpg,IMG-20200817-WA0069.jpg,original,0.00
f0506,IMG-20200818-WA0017.jpg,IMG-20200818-WA0017.jpg,original,0.00
f0507,IMG-20200818-WA0038.jpg,IMG-20200818-WA0038.jpg,original,0.00
f0508,IMG-20200920-WA0007.jpg,IMG-20200920-WA0007.jpg,original,0.00
f0509,IMG-20211215-WA0001.jpg,IMG-20211215-WA0001.jpg,original,0.00
f0510,IMG-20220807-WA0035.jpg,IMG-20220807-WA0035.jpg,lanczos,0.54
f0511,IMG-20221114-WA0001.jpg,IMG-20221114-WA0001.jpg,lanczos,0.32
f0512,IMG-20230314-WA0002.jpg,IMG-20230314-WA0002.jpg,original,0.00
f0513,IMG-20230701-WA0006.jpg,IMG-20230701-WA0006.jpg,original,0.00
f0514,IMG-20230714-WA0010.jpg,IMG-20230714-WA0010.jpg,original,0.00
f0515,IMG-20230727-WA0003.jpg,IMG-20230727-WA0003.jpg,IA,1.62
f0516,IMG-20230815-WA0003.jpg,IMG-20230815-WA0003.jpg,lanczos,0.47
f0517,IMG-20230815-WA0019.jpg,IMG-20230815-WA0019.jpg,IA,1.17
f0518,IMG-20231004-WA0015.jpg,IMG-20231004-WA0015.jpg,lanczos,0.41
f0519,IMG-20231225-WA0001.jpg,IMG-20231225-WA0001.jpg,lanczos,0.42
f0520,IMG-20240214-WA0015.jpg,IMG-20240214-WA0015.jpg,original,0.00
f0521,IMG-20240406-WA0001.jpg,IMG-20240406-WA0001.jpg,lanczos,0.46
f0522,IMG-20240417-WA0016.jpg,IMG-20240417-WA0016.jpg,original,0.00
f0523,IMG-20240417-WA0017.jpg,IMG-20240417-WA0017.jpg,original,0.00
f0524,IMG-20240501-WA0007.jpg,IMG-20240501-WA0007.jpg,lanczos,0.42
f0525,IMG-20240501-WA0011.jpg,IMG-20240501-WA0011.jpg,lanczos,0.42
f0526,IMG-20240616-WA0009.jpg,IMG-20240616-WA0009.jpg,original,0.00
f0527,IMG-20240915-WA0007.jpeg,IMG-20240915-WA0007.jpeg,original,0.00
f0528,IMG-20240915-WA0011.jpg,IMG-20240915-WA0011.jpg,original,0.00
f0529,IMG_1498 (2)-EFFECTS.jpg,IMG_1498 (2)-EFFECTS.jpg,original,0.00
f0530,IMG_1498 (2).jpg,IMG_1498 (2).jpg,original,0.00
f0531,IMG_1516.JPG,IMG_1516.JPG,original,0.00
f0532,IMG_1517.JPG,IMG_1517.JPG,original,0.00
f0533,IMG_20140725_185827.jpg,IMG_20140725_185827.jpg,original,0.00
f0534,IMG_20171014_191509.jpg,IMG_20171014_191509.jpg,original,0.00
f0535,IMG_20250502_184650.jpg,IMG_20250502_184650.jpg,original,0.00
f0536,IMG_20250624_140822.jpg,IMG_20250624_140822.jpg,original,0.00
f0537,IMG_20260209_184044.jpg,IMG_20260209_184044.jpg,original,0.00
f0549,IMG_20260606_211347_021.webp,IMG_20260606_211347_021.webp,original,0.00
f0538,IMG_20260717_154016.jpg,IMG_20260717_154016.jpg,original,0.00
f0539,IMG_20260718_200954.jpg,IMG_20260718_200954.jpg,original,0.00
f0540,IMG_20260720_172509.jpg,IMG_20260720_172509.jpg,original,0.00
f0541,IMG_20260720_182302.jpg,IMG_20260720_182302.jpg,original,0.00
f0542,IMG_20260721_182428.jpg,IMG_20260721_182428.jpg,original,0.00
f0543,IMG_20260823_021728.jpg,IMG_20260823_021728.jpg,original,0.00
f0544,IMG_20260906_114847.jpg,IMG_20260906_114847.jpg,original,0.00
f0545,IMG_20260912_143100.jpg,IMG_20260912_143100.jpg,original,0.00
f0546,IMG_8991.JPG,IMG_8991.JPG,original,0.00
f0547,MicrosoftTeams-image (26).jpg,MicrosoftTeams-image (26).jpg,original,0.00
f0548,MicrosoftTeams-image (31).jpg,MicrosoftTeams-image (31).jpg,original,0.00
f0347,2025_Pedido_casamento_clara_1.jpg,2025_Pedido_casamento_clara_1.jpg,original,0.00
f0348,2025_Pedido_casamento_clara_2.jpg,2025_Pedido_casamento_clara_2.jpg,original,0.00
f0349,2025_Pedido_casamento_clara_3.jpg,2025_Pedido_casamento_clara_3.jpg,original,0.00
f0350,2025_Pedido_casamento_clara_4.jpg,2025_Pedido_casamento_clara_4.jpg,original,0.00
f0602,467792364_17881048299177489_7552993771094030817_n.jpg,467792364_17881048299177489_7552993771094030817_n.jpg,lanczos,0.24
f0603,468013347_17880911928177489_7402573538979763774_n.jpg,468013347_17880911928177489_7402573538979763774_n.jpg,original,0.00
f0604,468224333_17881315833177489_7894619445426583241_n.jpg,468224333_17881315833177489_7894619445426583241_n.jpg,original,0.00
f0605,486279846_17896552638177489_2287828220049230123_n.jpg,486279846_17896552638177489_2287828220049230123_n.jpg,original,0.00
f0606,490043212_17898677049177489_605504043410777938_n.jpg,490043212_17898677049177489_605504043410777938_n.jpg,original,0.00
f0607,490068592_17898610638177489_442260549522203782_n.jpg,490068592_17898610638177489_442260549522203782_n.jpg,original,0.00
f0608,490342340_17898610233177489_2854909557439542553_n.jpg,490342340_17898610233177489_2854909557439542553_n.jpg,original,0.00
f0609,491092237_18497294725002165_3454665478286666851_n.jpg,491092237_18497294725002165_3454665478286666851_n.jpg,original,0.00
f0610,491371448_17898676923177489_4353927810985216464_n.jpg,491371448_17898676923177489_4353927810985216464_n.jpg,original,0.00
f0611,491414020_17898614490177489_6545444395906389970_n.jpg,491414020_17898614490177489_6545444395906389970_n.jpg,original,0.00
f0612,491416177_17898611343177489_8129633350329150345_n.jpg,491416177_17898611343177489_8129633350329150345_n.jpg,original,0.00
f0613,491438471_17898676737177489_8441154878826994535_n.jpg,491438471_17898676737177489_8441154878826994535_n.jpg,IA,0.99
f0614,491446237_17898663696177489_1736947094623843899_n.jpg,491446237_17898663696177489_1736947094623843899_n.jpg,original,0.00
f0615,537664777_1389705102090610_277650104738756064_n.jpg,537664777_1389705102090610_277650104738756064_n.jpg,lanczos,0.34
f0616,544752435_18020180378759084_1750090813066765324_n.jpg,544752435_18020180378759084_1750090813066765324_n.jpg,original,0.00
f0617,552283910_18157725208384741_4933063446768973854_n.jpg,552283910_18157725208384741_4933063446768973854_n.jpg,lanczos,0.29
f0618,556762475_18391665487130306_2093563255796632737_n.jpg,556762475_18391665487130306_2093563255796632737_n.jpg,original,0.00
f0619,576524687_18536344651053613_7825609385490882089_n.jpg,576524687_18536344651053613_7825609385490882089_n.jpg,original,0.00
f0620,619994486_18553227253025939_5865650909737061139_n.jpg,619994486_18553227253025939_5865650909737061139_n.jpg,lanczos,0.47
f0621,621737415_18553227214025939_5283158520180771700_n.jpg,621737415_18553227214025939_5283158520180771700_n.jpg,original,0.00
f0622,621778882_18553227223025939_2226191863256542403_n.jpg,621778882_18553227223025939_2226191863256542403_n.jpg,original,0.00
f0623,621826093_18553227205025939_8219468208597163376_n.jpg,621826093_18553227205025939_8219468208597163376_n.jpg,original,0.00
f0624,641772533_18364175140162209_4508409461575678713_n.jpg,641772533_18364175140162209_4508409461575678713_n.jpg,original,0.00
f0625,670996388_17943452910177489_8773635674531775998_n.jpg,670996388_17943452910177489_8773635674531775998_n.jpg,lanczos,0.03
f0626,671000486_4397773350495329_4660335000346674236_n.jpg,671000486_4397773350495329_4660335000346674236_n.jpg,lanczos,0.63
f0627,671178745_17943455679177489_9056768367821298919_n.jpg,671178745_17943455679177489_9056768367821298919_n.jpg,lanczos,0.45
f0628,683047543_1657530148899676_4447599495505859320_n.jpg,683047543_1657530148899676_4447599495505859320_n.jpg,lanczos,0.57
f0629,683551852_2068592350357286_1193321095777935845_n.jpg,683551852_2068592350357286_1193321095777935845_n.jpg,lanczos,0.58
f0630,683621871_1505503934540758_4731092984514663372_n.jpg,683621871_1505503934540758_4731092984514663372_n.jpg,lanczos,0.56
f0631,684279028_17945397231177489_4410897138850169506_n.jpg,684279028_17945397231177489_4410897138850169506_n.jpg,original,0.00
f0632,708528342_17990298485969110_4391473839297343783_n.jpg,708528342_17990298485969110_4391473839297343783_n.jpg,original,0.00
f0633,725698147_17952975174177489_1434331382709828647_n.jpg,725698147_17952975174177489_1434331382709828647_n.jpg,original,0.00
f0634,726996553_17953589793177489_8357419509530812528_n.jpg,726996553_17953589793177489_8357419509530812528_n.jpg,original,0.00
f0635,728293803_18163915969452970_480108891890137078_n.webp,728293803_18163915969452970_480108891890137078_n.webp,original,0.00
f0636,730598581_17954254416177489_7510756130026575737_n.jpg,730598581_17954254416177489_7510756130026575737_n.jpg,original,0.00
f0637,733448996_17955307020177489_1059028844051417353_n.jpg,733448996_17955307020177489_1059028844051417353_n.jpg,original,0.00
f0638,734313843_17955590661177489_7897299577216807196_n.jpg,734313843_17955590661177489_7897299577216807196_n.jpg,original,0.00
f0639,772840386_913808745101956_227594200155173790_n.jpg,772840386_913808745101956_227594200155173790_n.jpg,lanczos,0.54
f0640,782094568_2169096717001081_7325660421548203092_n.jpg,782094568_2169096717001081_7325660421548203092_n.jpg,lanczos,0.55
f0641,783573199_1465959442006557_120307388511715270_n.jpg,783573199_1465959442006557_120307388511715270_n.jpg,lanczos,0.54
f0351,1996_tiago_e_irmao_mais_velho.jpg,1996_tiago_e_irmao_mais_velho.jpg,lanczos,0.47
f0352,2018_FCP_cLARA_tIAGO_E_FAMILIA_PATERNA_TIAGO.jpg,2018_FCP_cLARA_tIAGO_E_FAMILIA_PATERNA_TIAGO.jpg,lanczos,0.47
f0353,TIAGO_IRMÃO_mae_2016.jpg,TIAGO_IRMÃO_mae_2016.jpg,lanczos,0.40
