sai,entra,no_corte,entra_in,sai_s,cauda,subida_entra,confianca,id
Gilbert O`Sullivan - CLAIR - ( The Sweetest `Clair ` video Ever !) - And Clair answers back !.mp3,Baha Men - Who Let The Dogs Out (Lyrics) - Cães.mp3,29.20,1.69,28.62,0.40,0.03,alta,t269_clair_dogs
Baha Men - Who Let The Dogs Out (Lyrics) - Cães.mp3,Tokyo Drift - Teriyaki Boyz [ MUSIC VIDEO ] HD.mp3,45.09,0.64,45.86,0.20,0.03,alta,t313_dogs_tokyo
Tokyo Drift - Teriyaki Boyz [ MUSIC VIDEO ] HD.mp3,Tiago Celebration Song (Reggae).mp3,32.44,0.81,32.30,0.40,0.03,alta,t344_tokyo_celebration
Tiago Celebration Song (Reggae).mp3,Antonio variações - o corpo é que paga ( semi-original ) - Exercicio.mp3,86.61,2.44,85.30,1.00,0.03,alta,t430_celebration_corpo
Antonio variações - o corpo é que paga ( semi-original ) - Exercicio.mp3,Inês Homem de Melo – Fome de Viagem (Music Video).mp3,46.14,2.70,47.28,0.30,0.03,alta,t474_corpo_fome
Inês Homem de Melo – Fome de Viagem (Music Video).mp3,Já Sei Namorar - Tribalistas.mp3,28.50,34.90,28.20,0.60,0.03,media,t500_fome_jasei
Já Sei Namorar - Tribalistas.mp3,Steppenwolf - Born To Be Wild (Lyrics).mp3,108.50,0.55,108.87,0.20,0.03,media,t573_jasei_born
Steppenwolf - Born To Be Wild (Lyrics).mp3,Filhos Do Dragão - Letra e Musica - Porto.mp3,41.05,7.00,40.78,0.12,0.30,baixa,t614_born_filhos
Filhos Do Dragão - Letra e Musica - Porto.mp3,Queen - Friends Will Be Friends (Lyrics).mp3,36.30,28.00,37.24,0.80,2.20,media,t643_filhos_queen
Queen - Friends Will Be Friends (Lyrics).mp3,Bachman Turner Overdrive-Taking care of business_62s.mp3,97.50,60.80,97.50,0.50,0.50,media,t713_queen_tcob
O Rei Leão (PT-PT) Ciclo Sem Fim.mp3,Lang Lang - Beauty and the Beast (From Lang Lang Plays Disney  Live).mp3,48.10,32.15,47.55,0.30,0.30,alta,t122_reileao_langlang
Ana Faria - Clara.mp3,Gilbert O`Sullivan - CLAIR - ( The Sweetest `Clair ` video Ever !) - And Clair answers back !.mp3,112.80,6.50,112.28,0.30,0.03,alta,t246_anafaria_clair
