quando,montagem,ficheiro,leve,duracao_s,mb,clips,parcial,musicas
2026-09-13 15:39,v3,v3_2026-09-13_1539.mp4,v3_2026-09-13_1539_leve.mp4,204.3,60.8,43,Nao,Lang Lang - Beauty and the Beast (From L | Candidato a vereador | Rei_Leão_Ciclo Sem FimNants’ Ingonyama | Ana Faria - Clara | Gilbert O`Sullivan - CLAIR - ( The Sweet
2026-09-13 16:04,v3,v3_2026-09-13_1604_parcial.mp4,,7.6,0.1,4,Sim,Lang Lang - Beauty and the Beast (From L | Candidato a vereador | Rei_Leão_Ciclo Sem FimNants’ Ingonyama | Ana Faria - Clara | Gilbert O`Sullivan - CLAIR - ( The Sweet
2026-09-14 12:43,ensaio_lado,ensaio_lado_2026-09-14_1243_parcial.mp4,,23.9,4.3,4,Sim,
2026-09-14 13:14,ensaio_foco,ensaio_foco_2026-09-14_1314_parcial.mp4,,12.3,2.4,2,Sim,
2026-09-14 13:17,ensaio_foco,ensaio_foco_2026-09-14_1317_parcial.mp4,,12.3,2.3,2,Sim,
2026-09-14 13:25,v3,v3_2026-09-14_1317.mp4,v3_2026-09-14_1317_leve.mp4,390.4,136.1,100,Nao,Lang Lang - Beauty and the Beast (From L | Candidato a vereador | Rei_Leão_Ciclo Sem FimNants’ Ingonyama | Ana Faria - Clara | Gilbert O`Sullivan - CLAIR - ( The Sweet | Baha Men - Who Let The Dogs Out (Lyrics) | Tokyo Drift - Teriyaki Boyz [ MUSIC VIDE | Tiago Celebration Song (Reggae) | Antonio variações - o corpo é que paga (
2026-09-14 14:26,v3,v3_2026-09-14_1413.mp4,v3_2026-09-14_1413_leve.mp4,390.4,137.8,100,Nao,Lang Lang - Beauty and the Beast (From L | Candidato a vereador | Rei_Leão_Ciclo Sem FimNants’ Ingonyama | Ana Faria - Clara | Gilbert O`Sullivan - CLAIR - ( The Sweet | Baha Men - Who Let The Dogs Out (Lyrics) | Tokyo Drift - Teriyaki Boyz [ MUSIC VIDE | Tiago Celebration Song (Reggae) | Antonio variações - o corpo é que paga (
2026-09-14 19:17,v3,v3_2026-09-14_1857.mp4,v3_2026-09-14_1857_leve.mp4,597.7,230.0,160,Nao,Lang Lang - Beauty and the Beast (From L | Candidato a vereador | O Rei Leão (PT-PT) Ciclo Sem Fim | Ana Faria - Clara | Gilbert O`Sullivan - CLAIR - ( The Sweet | Baha Men - Who Let The Dogs Out (Lyrics) | Tokyo Drift - Teriyaki Boyz [ MUSIC VIDE | Tiago Celebration Song (Reggae) | Antonio variações - o corpo é que paga ( | Inês Homem de Melo – Fome de Viagem (Mus
2026-09-16 09:00,v3,v3_2026-09-16_0841.mp4,v3_2026-09-16_0841_leve.mp4,578.7,222.0,156,Nao,Lang Lang - Beauty and the Beast (From L | Candidato a vereador | O Rei Leão (PT-PT) Ciclo Sem Fim | Lang Lang - Beauty and the Beast (From L | Ana Faria - Clara | Gilbert O`Sullivan - CLAIR - ( The Sweet | Baha Men - Who Let The Dogs Out (Lyrics) | Tokyo Drift - Teriyaki Boyz [ MUSIC VIDE | Tiago Celebration Song (Reggae) | Antonio variações - o corpo é que paga ( | Inês Homem de Melo – Fome de Viagem (Mus
2026-09-16 09:11,v3,v3_2026-09-16_0911_parcial.mp4,,32.3,1.1,5,Sim,Lang Lang - Beauty and the Beast (From L | Candidato a vereador | O Rei Leão (PT-PT) Ciclo Sem Fim | Lang Lang - Beauty and the Beast (From L | Ana Faria - Clara | Gilbert O`Sullivan - CLAIR - ( The Sweet | Baha Men - Who Let The Dogs Out (Lyrics) | Tokyo Drift - Teriyaki Boyz [ MUSIC VIDE | Tiago Celebration Song (Reggae) | Antonio variações - o corpo é que paga ( | Inês Homem de Melo – Fome de Viagem (Mus
2026-09-16 09:11,v3,v3_2026-09-16_0911_parcial_2.mp4,,32.3,1.1,5,Sim,Lang Lang - Beauty and the Beast (From L | Candidato a vereador | O Rei Leão (PT-PT) Ciclo Sem Fim | Lang Lang - Beauty and the Beast (From L | Ana Faria - Clara | Gilbert O`Sullivan - CLAIR - ( The Sweet | Baha Men - Who Let The Dogs Out (Lyrics) | Tokyo Drift - Teriyaki Boyz [ MUSIC VIDE | Tiago Celebration Song (Reggae) | Antonio variações - o corpo é que paga ( | Inês Homem de Melo – Fome de Viagem (Mus
2026-09-16 09:12,v3,v3_2026-09-16_0912_parcial.mp4,,32.3,1.1,5,Sim,Lang Lang - Beauty and the Beast (From L | Candidato a vereador | O Rei Leão (PT-PT) Ciclo Sem Fim | Lang Lang - Beauty and the Beast (From L | Ana Faria - Clara | Gilbert O`Sullivan - CLAIR - ( The Sweet | Baha Men - Who Let The Dogs Out (Lyrics) | Tokyo Drift - Teriyaki Boyz [ MUSIC VIDE | Tiago Celebration Song (Reggae) | Antonio variações - o corpo é que paga ( | Inês Homem de Melo – Fome de Viagem (Mus
2026-09-16 09:20,v3,v3_2026-09-16_0920_parcial.mp4,,117.4,20.0,27,Sim,Lang Lang - Beauty and the Beast (From L | Candidato a vereador | O Rei Leão (PT-PT) Ciclo Sem Fim | Lang Lang - Beauty and the Beast (From L | Ana Faria - Clara | Gilbert O`Sullivan - CLAIR - ( The Sweet | Baha Men - Who Let The Dogs Out (Lyrics) | Tokyo Drift - Teriyaki Boyz [ MUSIC VIDE | Tiago Celebration Song (Reggae) | Antonio variações - o corpo é que paga ( | Inês Homem de Melo – Fome de Viagem (Mus
2026-09-16 09:24,v3,v3_2026-09-16_0924_parcial.mp4,,117.4,20.0,27,Sim,Lang Lang - Beauty and the Beast (From L | Candidato a vereador | O Rei Leão (PT-PT) Ciclo Sem Fim | Lang Lang - Beauty and the Beast (From L | Ana Faria - Clara | Gilbert O`Sullivan - CLAIR - ( The Sweet | Baha Men - Who Let The Dogs Out (Lyrics) | Tokyo Drift - Teriyaki Boyz [ MUSIC VIDE | Tiago Celebration Song (Reggae) | Antonio variações - o corpo é que paga ( | Inês Homem de Melo – Fome de Viagem (Mus
2026-09-16 09:29,v3,v3_2026-09-16_0929_parcial.mp4,,117.4,20.0,27,Sim,Lang Lang - Beauty and the Beast (From L | Candidato a vereador | O Rei Leão (PT-PT) Ciclo Sem Fim | Lang Lang - Beauty and the Beast (From L | Ana Faria - Clara | Gilbert O`Sullivan - CLAIR - ( The Sweet | Baha Men - Who Let The Dogs Out (Lyrics) | Tokyo Drift - Teriyaki Boyz [ MUSIC VIDE | Tiago Celebration Song (Reggae) | Antonio variações - o corpo é que paga ( | Inês Homem de Melo – Fome de Viagem (Mus
2026-09-16 09:48,v3,v3_2026-09-16_0948_parcial.mp4,,88.0,15.7,22,Sim,Lang Lang - Beauty and the Beast (From L | Candidato a vereador | O Rei Leão (PT-PT) Ciclo Sem Fim | Lang Lang - Beauty and the Beast (From L | Ana Faria - Clara | Gilbert O`Sullivan - CLAIR - ( The Sweet | Baha Men - Who Let The Dogs Out (Lyrics) | Tokyo Drift - Teriyaki Boyz [ MUSIC VIDE | Tiago Celebration Song (Reggae) | Antonio variações - o corpo é que paga ( | Inês Homem de Melo – Fome de Viagem (Mus
2026-09-16 09:56,v3,v3_2026-09-16_0956_parcial.mp4,,88.0,15.7,22,Sim,Lang Lang - Beauty and the Beast (From L | Candidato a vereador | O Rei Leão (PT-PT) Ciclo Sem Fim | Lang Lang - Beauty and the Beast (From L | Ana Faria - Clara | Gilbert O`Sullivan - CLAIR - ( The Sweet | Baha Men - Who Let The Dogs Out (Lyrics) | Tokyo Drift - Teriyaki Boyz [ MUSIC VIDE | Tiago Celebration Song (Reggae) | Antonio variações - o corpo é que paga ( | Inês Homem de Melo – Fome de Viagem (Mus
2026-09-16 10:13,v3,v3_2026-09-16_1013_parcial.mp4,,88.0,15.7,22,Sim,Lang Lang - Beauty and the Beast (From L | Candidato a vereador | O Rei Leão (PT-PT) Ciclo Sem Fim | Lang Lang - Beauty and the Beast (From L | Ana Faria - Clara | Gilbert O`Sullivan - CLAIR - ( The Sweet | Baha Men - Who Let The Dogs Out (Lyrics) | Tokyo Drift - Teriyaki Boyz [ MUSIC VIDE | Tiago Celebration Song (Reggae) | Antonio variações - o corpo é que paga ( | Inês Homem de Melo – Fome de Viagem (Mus
2026-09-16 10:16,v3,v3_2026-09-16_1016_parcial.mp4,,88.0,15.7,22,Sim,Lang Lang - Beauty and the Beast (From L | Candidato a vereador | O Rei Leão (PT-PT) Ciclo Sem Fim | Lang Lang - Beauty and the Beast (From L | Ana Faria - Clara | Gilbert O`Sullivan - CLAIR - ( The Sweet | Baha Men - Who Let The Dogs Out (Lyrics) | Tokyo Drift - Teriyaki Boyz [ MUSIC VIDE | Tiago Celebration Song (Reggae) | Antonio variações - o corpo é que paga ( | Inês Homem de Melo – Fome de Viagem (Mus
2026-09-16 10:19,v3,v3_2026-09-16_1019_parcial.mp4,,32.3,0.6,5,Sim,Lang Lang - Beauty and the Beast (From L | Candidato a vereador | O Rei Leão (PT-PT) Ciclo Sem Fim | Lang Lang - Beauty and the Beast (From L | Ana Faria - Clara | Gilbert O`Sullivan - CLAIR - ( The Sweet | Baha Men - Who Let The Dogs Out (Lyrics) | Tokyo Drift - Teriyaki Boyz [ MUSIC VIDE | Tiago Celebration Song (Reggae) | Antonio variações - o corpo é que paga ( | Inês Homem de Melo – Fome de Viagem (Mus
2026-09-16 10:19,v3,v3_2026-09-16_1019_parcial_2.mp4,,32.3,0.6,5,Sim,Lang Lang - Beauty and the Beast (From L | Candidato a vereador | O Rei Leão (PT-PT) Ciclo Sem Fim | Lang Lang - Beauty and the Beast (From L | Ana Faria - Clara | Gilbert O`Sullivan - CLAIR - ( The Sweet | Baha Men - Who Let The Dogs Out (Lyrics) | Tokyo Drift - Teriyaki Boyz [ MUSIC VIDE | Tiago Celebration Song (Reggae) | Antonio variações - o corpo é que paga ( | Inês Homem de Melo – Fome de Viagem (Mus
2026-09-16 10:19,v3,v3_2026-09-16_1019_parcial_3.mp4,,9.0,0.2,3,Sim,Lang Lang - Beauty and the Beast (From L | Candidato a vereador | O Rei Leão (PT-PT) Ciclo Sem Fim | Lang Lang - Beauty and the Beast (From L | Ana Faria - Clara | Gilbert O`Sullivan - CLAIR - ( The Sweet | Baha Men - Who Let The Dogs Out (Lyrics) | Tokyo Drift - Teriyaki Boyz [ MUSIC VIDE | Tiago Celebration Song (Reggae) | Antonio variações - o corpo é que paga ( | Inês Homem de Melo – Fome de Viagem (Mus
2026-09-16 10:19,v3,v3_2026-09-16_1019_parcial_4.mp4,,9.0,0.2,3,Sim,Lang Lang - Beauty and the Beast (From L | Candidato a vereador | O Rei Leão (PT-PT) Ciclo Sem Fim | Lang Lang - Beauty and the Beast (From L | Ana Faria - Clara | Gilbert O`Sullivan - CLAIR - ( The Sweet | Baha Men - Who Let The Dogs Out (Lyrics) | Tokyo Drift - Teriyaki Boyz [ MUSIC VIDE | Tiago Celebration Song (Reggae) | Antonio variações - o corpo é que paga ( | Inês Homem de Melo – Fome de Viagem (Mus
2026-09-16 10:31,v3,v3_2026-09-16_1031_parcial.mp4,,88.0,15.7,22,Sim,Lang Lang - Beauty and the Beast (From L | Candidato a vereador | O Rei Leão (PT-PT) Ciclo Sem Fim | Lang Lang - Beauty and the Beast (From L | Ana Faria - Clara | Gilbert O`Sullivan - CLAIR - ( The Sweet | Baha Men - Who Let The Dogs Out (Lyrics) | Tokyo Drift - Teriyaki Boyz [ MUSIC VIDE | Tiago Celebration Song (Reggae) | Antonio variações - o corpo é que paga ( | Inês Homem de Melo – Fome de Viagem (Mus
2026-09-16 10:34,v3,v3_2026-09-16_1034_parcial.mp4,,88.0,15.7,22,Sim,Lang Lang - Beauty and the Beast (From L | Candidato a vereador | O Rei Leão (PT-PT) Ciclo Sem Fim | Lang Lang - Beauty and the Beast (From L | Ana Faria - Clara | Gilbert O`Sullivan - CLAIR - ( The Sweet | Baha Men - Who Let The Dogs Out (Lyrics) | Tokyo Drift - Teriyaki Boyz [ MUSIC VIDE | Tiago Celebration Song (Reggae) | Antonio variações - o corpo é que paga ( | Inês Homem de Melo – Fome de Viagem (Mus
2026-09-16 10:37,v3,v3_2026-09-16_1037_parcial.mp4,,88.0,15.7,22,Sim,Lang Lang - Beauty and the Beast (From L | Candidato a vereador | O Rei Leão (PT-PT) Ciclo Sem Fim | Lang Lang - Beauty and the Beast (From L | Ana Faria - Clara | Gilbert O`Sullivan - CLAIR - ( The Sweet | Baha Men - Who Let The Dogs Out (Lyrics) | Tokyo Drift - Teriyaki Boyz [ MUSIC VIDE | Tiago Celebration Song (Reggae) | Antonio variações - o corpo é que paga ( | Inês Homem de Melo – Fome de Viagem (Mus
2026-09-16 10:43,v3,v3_2026-09-16_1043_parcial.mp4,,88.0,15.7,22,Sim,Lang Lang - Beauty and the Beast (From L | Candidato a vereador | O Rei Leão (PT-PT) Ciclo Sem Fim | Lang Lang - Beauty and the Beast (From L | Ana Faria - Clara | Gilbert O`Sullivan - CLAIR - ( The Sweet | Baha Men - Who Let The Dogs Out (Lyrics) | Tokyo Drift - Teriyaki Boyz [ MUSIC VIDE | Tiago Celebration Song (Reggae) | Antonio variações - o corpo é que paga ( | Inês Homem de Melo – Fome de Viagem (Mus
2026-09-16 10:46,v3,v3_2026-09-16_1046_parcial.mp4,,88.0,15.7,22,Sim,Lang Lang - Beauty and the Beast (From L | Candidato a vereador | O Rei Leão (PT-PT) Ciclo Sem Fim | Lang Lang - Beauty and the Beast (From L | Ana Faria - Clara | Gilbert O`Sullivan - CLAIR - ( The Sweet | Baha Men - Who Let The Dogs Out (Lyrics) | Tokyo Drift - Teriyaki Boyz [ MUSIC VIDE | Tiago Celebration Song (Reggae) | Antonio variações - o corpo é que paga ( | Inês Homem de Melo – Fome de Viagem (Mus
2026-09-16 18:39,v3,v3_2026-09-16_1824.mp4,v3_2026-09-16_1824_leve.mp4,519.0,185.9,133,Nao,Lang Lang - Beauty and the Beast (From L | Candidato a vereador | O Rei Leão (PT-PT) Ciclo Sem Fim | Lang Lang - Beauty and the Beast (From L | Ana Faria - Clara | Gilbert O`Sullivan - CLAIR - ( The Sweet | Baha Men - Who Let The Dogs Out (Lyrics) | Tokyo Drift - Teriyaki Boyz [ MUSIC VIDE | Tiago Celebration Song (Reggae) | Antonio variações - o corpo é que paga ( | Inês Homem de Melo – Fome de Viagem (Mus
2026-09-17 01:37,v3,v3_2026-09-17_0110.mp4,v3_2026-09-17_0110_leve.mp4,761.0,287.7,198,Nao,Lang Lang - Beauty and the Beast (From L | Candidato a vereador | O Rei Leão (PT-PT) Ciclo Sem Fim | Lang Lang - Beauty and the Beast (From L | Ana Faria - Clara | Gilbert O`Sullivan - CLAIR - ( The Sweet | Baha Men - Who Let The Dogs Out (Lyrics) | Tokyo Drift - Teriyaki Boyz [ MUSIC VIDE | Tiago Celebration Song (Reggae) | Antonio variações - o corpo é que paga ( | Inês Homem de Melo – Fome de Viagem (Mus | Já Sei Namorar - Tribalistas | Steppenwolf - Born To Be Wild (Lyrics) | Queen - Friends Will Be Friends (Lyrics)
2026-09-17 22:44,pedido_prova,pedido_prova_2026-09-17_2244_parcial.mp4,,27.9,2.0,6,Sim,Lang Lang - Beauty and the Beast (From L | 02_03m53s_dura02.9s | 11_04m30s_dura01.2s | 10_04m22s_dura04.8s | Candidato a vereador | O Rei Leão (PT-PT) Ciclo Sem Fim | Lang Lang - Beauty and the Beast (From L | Ana Faria - Clara | Gilbert O`Sullivan - CLAIR - ( The Sweet | Baha Men - Who Let The Dogs Out (Lyrics) | Tokyo Drift - Teriyaki Boyz [ MUSIC VIDE | Tiago Celebration Song (Reggae) | Antonio variações - o corpo é que paga ( | Inês Homem de Melo – Fome de Viagem (Mus | Já Sei Namorar - Tribalistas | Steppenwolf - Born To Be Wild (Lyrics) | Queen - Friends Will Be Friends (Lyrics)
2026-09-18 01:32,tira,tira_2026-09-18_0131.mp4,tira_2026-09-18_0131_leve.mp4,14.8,3.5,5,Nao,Simpsons Homer D'oh! Clip Show
2026-09-18 01:35,prova2,prova2_2026-09-18_0135_parcial.mp4,,37.5,2.0,6,Sim,Ana Faria - Clara | Simpsons Homer D'oh! Clip Show
2026-09-18 01:40,mudo,mudo_2026-09-18_0140_parcial.mp4,,37.0,1.6,6,Sim,Ana Faria - Clara | Sousa tavares_advogados prostitutas_17m2
2026-09-18 03:14,provavid,provavid_2026-09-18_0314_parcial.mp4,,28.5,2.4,7,Sim,Lang Lang - Beauty and the Beast (From L | 1_07_04m09s_dura02.0s | 2_13_04m40s_dura03.5s | Simpsons Homer D'oh! Clip Show | Candidato a vereador | O Rei Leão (PT-PT) Ciclo Sem Fim
2026-09-18 03:15,provavid,provavid_2026-09-18_0315_parcial.mp4,,28.5,2.4,7,Sim,Lang Lang - Beauty and the Beast (From L | 1_07_04m09s_dura02.0s | 2_13_04m40s_dura03.5s | Simpsons Homer D'oh! Clip Show | Candidato a vereador | O Rei Leão (PT-PT) Ciclo Sem Fim
2026-09-18 03:18,intro_baixa,intro_baixa_2026-09-18_0317_parcial.mp4,,70.7,4.5,10,Sim,Lang Lang - Beauty and the Beast (From L | 1_07_04m09s_dura02.0s | 2_13_04m40s_dura03.5s | Simpsons Homer D'oh! Clip Show | Candidato a vereador | O Rei Leão (PT-PT) Ciclo Sem Fim
2026-09-17 23:40,conceito,conceito_2026-09-17_2338.mp4,conceito_2026-09-17_2338_leve.mp4,65.7,27.8,10,Nao,Lang Lang - Beauty and the Beast (From L | 1_07_04m09s_dura02.0s | 2_13_04m40s_dura03.5s | Simpsons Homer D'oh! Clip Show | Candidato a vereador | O Rei Leão (PT-PT) Ciclo Sem Fim
2026-09-18 06:30,tira,tira_2026-09-18_0630.mp4,tira_2026-09-18_0630_leve.mp4,14.8,3.5,5,Nao,Simpsons Homer D'oh! Clip Show
2026-09-18 07:37,conceito,conceito_2026-09-18_0735.mp4,conceito_2026-09-18_0735_leve.mp4,103.4,32.5,16,Nao,Lang Lang - Beauty and the Beast (From L | 1_07_04m09s_dura02.0s | 2_13_04m40s_dura03.5s | Simpsons Homer D'oh! Clip Show | Candidato a vereador | O Rei Leão (PT-PT) Ciclo Sem Fim
2026-09-18 09:07,conceito,conceito_2026-09-18_0905.mp4,conceito_2026-09-18_0905_leve.mp4,109.0,32.6,17,Nao,Lang Lang - Beauty and the Beast (From L | 1_07_04m09s_dura02.0s | 2_13_04m40s_dura03.5s | homer_doh_lento | Candidato a vereador | O Rei Leão (PT-PT) Ciclo Sem Fim
2026-09-21 21:03,conceito,conceito_2026-09-21_2101.mp4,conceito_2026-09-21_2101_leve.mp4,111.9,34.1,17,Nao,Lang Lang - Beauty and the Beast (From L | 1_07_04m09s_dura02.0s | 2_13_04m40s_dura03.5s | homer_doh_parado_e_lento | Candidato a vereador | O Rei Leão (PT-PT) Ciclo Sem Fim
2026-09-21 22:52,conceito,conceito_2026-09-21_2251.mp4,conceito_2026-09-21_2251_leve.mp4,126.3,34.1,16,Nao,Lang Lang - Beauty and the Beast (From L | Mariah Carey - All I Want for Christmas  | Lang Lang - Beauty and the Beast (From L | Candidato a vereador | O Rei Leão (PT-PT) Ciclo Sem Fim
2026-09-21 23:20,conceito,conceito_2026-09-21_2318.mp4,conceito_2026-09-21_2318_leve.mp4,127.0,33.2,16,Nao,Lang Lang - Beauty and the Beast (From L | Mariah Carey - All I Want for Christmas  | Lang Lang - Beauty and the Beast (From L | Candidato a vereador | O Rei Leão (PT-PT) Ciclo Sem Fim
2026-09-22 20:04,abertura_como_esta,abertura_como_esta_2026-09-22_2004_parcial.mp4,,48.4,9.6,8,Sim,Lang Lang - Beauty and the Beast (From L | Mariah Carey - All I Want for Christmas  | Lang Lang - Beauty and the Beast (From L | Candidato a vereador | O Rei Leão (PT-PT) Ciclo Sem Fim | Lang Lang - Beauty and the Beast (From L | Ana Faria - Clara | Gilbert O`Sullivan - CLAIR - ( The Sweet | Baha Men - Who Let The Dogs Out (Lyrics) | Tokyo Drift - Teriyaki Boyz [ MUSIC VIDE | Tiago Celebration Song (Reggae) | Antonio variações - o corpo é que paga ( | Inês Homem de Melo – Fome de Viagem (Mus | Já Sei Namorar - Tribalistas | Steppenwolf - Born To Be Wild (Lyrics) | Queen - Friends Will Be Friends (Lyrics)
2026-09-22 20:09,abertura_igualada,abertura_igualada_2026-09-22_2009_parcial.mp4,,48.4,9.6,8,Sim,Lang Lang - Beauty and the Beast (From L | Mariah Carey - All I Want for Christmas  | Lang Lang - Beauty and the Beast (From L | Candidato a vereador | O Rei Leão (PT-PT) Ciclo Sem Fim | Lang Lang - Beauty and the Beast (From L | Ana Faria - Clara | Gilbert O`Sullivan - CLAIR - ( The Sweet | Baha Men - Who Let The Dogs Out (Lyrics) | Tokyo Drift - Teriyaki Boyz [ MUSIC VIDE | Tiago Celebration Song (Reggae) | Antonio variações - o corpo é que paga ( | Inês Homem de Melo – Fome de Viagem (Mus | Já Sei Namorar - Tribalistas | Steppenwolf - Born To Be Wild (Lyrics) | Queen - Friends Will Be Friends (Lyrics)
2026-09-22 20:35,fim_como_esta,fim_como_esta_2026-09-22_2034.mp4,fim_como_esta_2026-09-22_2034_leve.mp4,101.3,46.9,30,Nao,Queen - Friends Will Be Friends (Lyrics)
2026-09-23 01:14,abertura_final,abertura_final_2026-09-23_0114_parcial.mp4,,48.4,9.6,8,Sim,Lang Lang - Beauty and the Beast (From L | Mariah Carey - All I Want for Christmas  | Lang Lang - Beauty and the Beast (From L | Candidato a vereador | O Rei Leão (PT-PT) Ciclo Sem Fim | Lang Lang - Beauty and the Beast (From L | Ana Faria - Clara | Gilbert O`Sullivan - CLAIR - ( The Sweet | Baha Men - Who Let The Dogs Out (Lyrics) | Tokyo Drift - Teriyaki Boyz [ MUSIC VIDE | Tiago Celebration Song (Reggae) | Antonio variações - o corpo é que paga ( | Inês Homem de Melo – Fome de Viagem (Mus | Já Sei Namorar - Tribalistas | Steppenwolf - Born To Be Wild (Lyrics) | Queen - Friends Will Be Friends (Lyrics)
2026-09-23 02:54,v3,v3_2026-09-23_0225.mp4,v3_2026-09-23_0225_leve.mp4,798.8,290.2,202,Nao,Lang Lang - Beauty and the Beast (From L | Mariah Carey - All I Want for Christmas  | Lang Lang - Beauty and the Beast (From L | Candidato a vereador | O Rei Leão (PT-PT) Ciclo Sem Fim | Lang Lang - Beauty and the Beast (From L | Ana Faria - Clara | Gilbert O`Sullivan - CLAIR - ( The Sweet | Baha Men - Who Let The Dogs Out (Lyrics) | Tokyo Drift - Teriyaki Boyz [ MUSIC VIDE | Tiago Celebration Song (Reggae) | Antonio variações - o corpo é que paga ( | Inês Homem de Melo – Fome de Viagem (Mus | Já Sei Namorar - Tribalistas | Steppenwolf - Born To Be Wild (Lyrics) | Queen - Friends Will Be Friends (Lyrics)
